"id","promedio_academico","horas_estudio_semana","inasistencias","uso_biblioteca","uso_tutorias","nivel_estres","calidad_sueno","satisfaccion_programa","participacion_extracurricular","genero","jornada","estrato","situacion_laboral","riesgo_academico","percepcion_ambiente"
1,3.9,9,5,5,3,5,4,8,6,"Femenino","Diurna","Bajo","No trabaja","Medio","Favorable"
2,2.7,12,11,6,3,10,2,8,2,"Masculino","Diurna","Bajo","Trabaja","Alto","Favorable"
3,3.9,9,3,2,3,5,9,4,3,"Femenino","Diurna","Bajo","No trabaja","Medio","Desfavorable"
4,2.9,16,13,6,0,8,4,6,0,"Masculino","Nocturna","Medio","Trabaja","Alto","Neutral"
5,2.9,12,12,11,0,9,5,5,5,"Masculino","Nocturna","Medio","Trabaja","Alto","Neutral"
6,3.5,9,7,5,6,5,6,6,3,"Femenino","Diurna","Medio","No trabaja","Medio","Neutral"
7,2.7,4,11,5,3,8,3,4,3,"Masculino","Nocturna","Bajo","Trabaja","Alto","Desfavorable"
8,2.8,8,7,4,3,9,4,6,2,"Masculino","Diurna","Bajo","No trabaja","Alto","Neutral"
9,3.4,19,7,10,0,6,6,9,5,"Masculino","Diurna","Bajo","Trabaja","Medio","Favorable"
10,3.2,9,7,5,4,5,7,6,3,"Femenino","Diurna","Bajo","Trabaja","Medio","Neutral"
11,2.9,8,6,8,6,8,3,5,1,"Masculino","Diurna","Alto","Trabaja","Alto","Neutral"
12,3.3,14,10,6,5,5,6,7,4,"Femenino","Diurna","Bajo","No trabaja","Alto","Neutral"
13,3.7,13,8,3,0,5,6,8,5,"Masculino","Diurna","Medio","No trabaja","Medio","Favorable"
14,3.2,14,6,9,0,7,4,10,5,"Masculino","Diurna","Medio","No trabaja","Medio","Favorable"
15,3,10,3,5,2,7,5,6,4,"Femenino","Diurna","Alto","No trabaja","Alto","Neutral"
16,3.1,15,10,10,3,10,1,5,1,"Masculino","Nocturna","Bajo","Trabaja","Alto","Neutral"
17,3.1,6,5,4,2,6,4,4,0,"Femenino","Diurna","Medio","Trabaja","Alto","Desfavorable"
18,3.8,11,3,9,1,5,8,9,2,"Femenino","Diurna","Bajo","No trabaja","Medio","Favorable"
19,2.1,8,14,6,3,7,3,7,1,"Femenino","Diurna","Bajo","Trabaja","Alto","Neutral"
20,3.6,14,2,6,1,6,5,9,5,"Masculino","Diurna","Bajo","No trabaja","Medio","Favorable"
21,3.2,12,3,8,6,10,1,4,3,"Masculino","Diurna","Alto","No trabaja","Medio","Desfavorable"
22,3.9,15,7,6,0,7,3,10,2,"Masculino","Nocturna","Bajo","Trabaja","Medio","Favorable"
23,4.6,19,4,12,3,6,9,6,5,"Masculino","Diurna","Alto","No trabaja","Bajo","Neutral"
24,3.5,12,3,6,0,7,4,10,5,"Otro","Diurna","Bajo","No trabaja","Medio","Favorable"
25,3.7,9,6,1,1,4,8,7,5,"Masculino","Nocturna","Bajo","No trabaja","Medio","Neutral"
26,2.9,8,5,4,5,9,3,7,2,"Masculino","Diurna","Bajo","Trabaja","Alto","Neutral"
27,2.5,10,12,2,4,8,1,5,2,"Masculino","Diurna","Medio","Trabaja","Alto","Neutral"
28,3.2,11,8,1,0,6,6,5,2,"Masculino","Diurna","Medio","Trabaja","Medio","Neutral"
29,3,19,9,9,0,8,1,5,6,"Femenino","Diurna","Bajo","No trabaja","Alto","Neutral"
30,3.1,6,4,5,3,7,5,6,2,"Femenino","Diurna","Medio","Trabaja","Alto","Neutral"
31,2.8,7,8,3,1,7,2,5,3,"Masculino","Diurna","Medio","Trabaja","Alto","Neutral"
32,2.8,9,8,2,3,6,5,7,3,"Masculino","Diurna","Medio","No trabaja","Alto","Neutral"
33,2.9,13,6,5,0,9,3,4,3,"Masculino","Diurna","Medio","No trabaja","Alto","Desfavorable"
34,4.4,14,6,4,0,5,6,7,4,"Masculino","Diurna","Bajo","No trabaja","Medio","Neutral"
35,2.8,7,5,6,2,9,2,6,1,"Femenino","Diurna","Bajo","Trabaja","Alto","Neutral"
36,3.7,12,4,7,0,6,6,8,5,"Femenino","Diurna","Medio","No trabaja","Medio","Favorable"
37,3.4,11,5,3,4,5,7,5,2,"Masculino","Diurna","Medio","No trabaja","Medio","Neutral"
38,4.3,16,4,6,2,5,8,8,5,"Femenino","Diurna","Alto","No trabaja","Bajo","Favorable"
39,3.6,15,8,9,2,5,10,7,3,"Femenino","Diurna","Alto","No trabaja","Medio","Neutral"
40,2.8,10,13,5,5,7,4,5,1,"Femenino","Diurna","Medio","Trabaja","Alto","Neutral"
41,2.8,11,13,6,6,10,3,7,3,"Femenino","Nocturna","Bajo","Trabaja","Alto","Neutral"
42,3.1,14,10,8,2,6,6,6,1,"Femenino","Nocturna","Bajo","Trabaja","Alto","Neutral"
43,2.5,4,6,5,3,9,2,5,4,"Femenino","Diurna","Bajo","No trabaja","Alto","Neutral"
44,3.4,10,8,8,5,6,5,5,6,"Femenino","Diurna","Medio","No trabaja","Medio","Neutral"
45,4,13,4,8,2,5,5,8,5,"Femenino","Diurna","Alto","No trabaja","Bajo","Favorable"
46,3,9,9,2,0,7,5,5,2,"Femenino","Diurna","Alto","Trabaja","Alto","Neutral"
47,3.1,11,6,5,4,6,7,10,2,"Femenino","Diurna","Medio","No trabaja","Alto","Favorable"
48,3.7,11,0,6,0,9,1,7,4,"Femenino","Diurna","Bajo","No trabaja","Medio","Neutral"
49,2.1,8,15,5,2,8,1,1,1,"Femenino","Nocturna","Bajo","Trabaja","Alto","Desfavorable"
50,3.3,7,3,0,2,6,5,5,4,"Masculino","Nocturna","Medio","No trabaja","Medio","Neutral"
51,4,10,1,4,1,7,6,5,0,"Femenino","Nocturna","Medio","Trabaja","Bajo","Neutral"
52,2.6,10,9,8,0,8,6,3,0,"Femenino","Nocturna","Bajo","Trabaja","Alto","Desfavorable"
53,3.7,14,7,7,1,5,5,4,7,"Masculino","Nocturna","Alto","No trabaja","Medio","Desfavorable"
54,3.6,17,6,5,4,8,3,7,6,"Femenino","Diurna","Bajo","No trabaja","Medio","Neutral"
55,3.7,11,6,6,1,4,10,8,2,"Masculino","Diurna","Alto","No trabaja","Medio","Favorable"
56,3.7,13,4,6,1,5,5,8,2,"Femenino","Diurna","Bajo","Trabaja","Medio","Favorable"
57,3.1,11,8,7,1,5,4,9,3,"Femenino","Diurna","Medio","No trabaja","Alto","Favorable"
58,3,13,12,11,1,7,5,6,1,"Masculino","Diurna","Medio","Trabaja","Alto","Neutral"
59,3.3,12,5,3,2,9,6,9,4,"Masculino","Diurna","Medio","Trabaja","Medio","Favorable"
60,3.4,12,8,5,3,5,5,5,3,"Femenino","Nocturna","Medio","No trabaja","Medio","Neutral"
61,3.4,15,6,7,5,6,4,6,5,"Masculino","Nocturna","Bajo","No trabaja","Medio","Neutral"
62,3.3,7,6,0,0,5,6,6,3,"Femenino","Diurna","Alto","No trabaja","Medio","Neutral"
63,3.5,17,9,8,3,10,1,4,5,"Femenino","Diurna","Medio","No trabaja","Alto","Desfavorable"
64,2.8,12,7,5,2,9,1,4,4,"Femenino","Diurna","Medio","No trabaja","Alto","Desfavorable"
65,3,12,12,11,3,5,7,7,1,"Masculino","Diurna","Bajo","No trabaja","Alto","Neutral"
66,2.9,9,6,0,0,7,3,7,0,"Femenino","Nocturna","Bajo","No trabaja","Alto","Neutral"
67,3.5,10,10,8,2,4,7,8,4,"Masculino","Diurna","Bajo","No trabaja","Alto","Favorable"
68,3.4,12,7,8,0,5,7,4,0,"Masculino","Diurna","Bajo","Trabaja","Medio","Desfavorable"
69,3,3,8,5,4,6,5,4,0,"Masculino","Nocturna","Medio","Trabaja","Alto","Desfavorable"
70,3.5,9,5,5,0,4,8,6,5,"Femenino","Diurna","Alto","No trabaja","Medio","Neutral"
71,3.1,13,8,5,2,6,3,5,3,"Masculino","Nocturna","Bajo","No trabaja","Alto","Neutral"
72,3.4,10,8,8,0,5,5,4,2,"Masculino","Nocturna","Alto","No trabaja","Medio","Desfavorable"
73,2.5,8,9,3,3,9,2,6,1,"Masculino","Nocturna","Medio","Trabaja","Alto","Neutral"
74,2.3,8,11,6,4,10,1,6,0,"Femenino","Nocturna","Bajo","Trabaja","Alto","Neutral"
75,3.2,12,4,7,4,8,3,8,3,"Femenino","Diurna","Medio","No trabaja","Medio","Favorable"
76,3.4,4,7,6,5,3,9,8,4,"Femenino","Diurna","Medio","Trabaja","Medio","Favorable"
77,4,14,8,6,0,5,6,8,6,"Femenino","Diurna","Medio","No trabaja","Medio","Favorable"
78,2,2,9,2,2,8,1,7,2,"Masculino","Diurna","Bajo","No trabaja","Alto","Neutral"
79,2.4,9,9,6,2,10,1,4,2,"Femenino","Diurna","Alto","Trabaja","Alto","Desfavorable"
80,2.8,8,8,5,3,5,4,7,3,"Femenino","Diurna","Bajo","No trabaja","Alto","Neutral"
81,2.2,6,11,7,2,8,3,6,3,"Femenino","Diurna","Bajo","Trabaja","Alto","Neutral"
82,2.7,7,8,5,2,9,1,10,2,"Masculino","Diurna","Medio","No trabaja","Alto","Favorable"
83,3.4,12,5,6,5,6,2,8,4,"Femenino","Diurna","Medio","No trabaja","Medio","Favorable"
84,2.9,11,6,8,4,10,2,5,4,"Masculino","Diurna","Bajo","No trabaja","Alto","Neutral"
85,3,10,11,4,0,4,7,7,4,"Femenino","Nocturna","Medio","Trabaja","Alto","Neutral"
86,2.7,2,5,5,2,10,1,4,2,"Femenino","Diurna","Medio","No trabaja","Alto","Desfavorable"
87,2.7,6,8,2,1,2,7,5,3,"Otro","Diurna","Bajo","Trabaja","Alto","Neutral"
88,3.3,10,6,6,8,8,1,8,3,"Masculino","Diurna","Alto","No trabaja","Medio","Favorable"
89,3,7,4,1,2,9,1,4,0,"Masculino","Nocturna","Medio","Trabaja","Alto","Desfavorable"
90,3.5,8,7,5,4,5,8,4,7,"Femenino","Diurna","Bajo","No trabaja","Medio","Desfavorable"
91,3.4,15,9,4,2,6,6,5,1,"Femenino","Nocturna","Bajo","No trabaja","Alto","Neutral"
92,3,12,8,6,2,8,2,5,2,"Masculino","Diurna","Bajo","Trabaja","Alto","Neutral"
93,2.6,7,11,1,4,7,5,7,3,"Femenino","Diurna","Bajo","No trabaja","Alto","Neutral"
94,3.1,9,5,4,2,6,3,7,4,"Masculino","Diurna","Bajo","No trabaja","Alto","Neutral"
95,2.9,10,11,4,4,10,4,10,1,"Femenino","Nocturna","Bajo","Trabaja","Alto","Neutral"
96,2.7,8,11,6,3,8,3,7,0,"Femenino","Nocturna","Medio","Trabaja","Alto","Neutral"
97,2.7,7,11,3,0,4,9,2,0,"Masculino","Nocturna","Alto","Trabaja","Alto","Desfavorable"
98,3.2,11,7,4,1,7,2,8,5,"Femenino","Diurna","Bajo","No trabaja","Medio","Favorable"
99,3.5,14,5,9,1,5,6,6,2,"Femenino","Diurna","Medio","No trabaja","Medio","Neutral"
100,2.5,12,8,10,1,8,2,7,4,"Masculino","Diurna","Bajo","No trabaja","Alto","Neutral"
101,3,10,10,8,4,6,6,4,1,"Masculino","Nocturna","Medio","Trabaja","Alto","Desfavorable"
102,3.3,13,8,4,5,5,5,6,4,"Femenino","Nocturna","Bajo","No trabaja","Medio","Neutral"
103,3.7,14,8,9,1,3,6,7,5,"Femenino","Diurna","Bajo","No trabaja","Medio","Neutral"
104,3.3,10,11,3,3,5,5,7,2,"Masculino","Nocturna","Alto","Trabaja","Alto","Neutral"
105,3.7,13,9,6,0,5,9,3,3,"Femenino","Nocturna","Medio","Trabaja","Alto","Desfavorable"
106,2.9,6,5,6,2,6,5,6,4,"Masculino","Diurna","Medio","No trabaja","Alto","Neutral"
107,3.4,10,12,5,3,3,10,2,1,"Masculino","Diurna","Bajo","Trabaja","Alto","Desfavorable"
108,2.7,9,9,5,2,10,1,6,1,"Masculino","Nocturna","Bajo","Trabaja","Alto","Neutral"
109,3.6,12,6,6,1,5,6,6,1,"Femenino","Nocturna","Alto","No trabaja","Medio","Neutral"
110,3.5,12,3,7,0,6,5,9,2,"Femenino","Diurna","Medio","No trabaja","Medio","Favorable"
111,2.9,11,7,7,2,8,3,8,5,"Masculino","Diurna","Medio","No trabaja","Alto","Favorable"
112,2.9,8,10,1,2,9,2,4,3,"Femenino","Nocturna","Bajo","Trabaja","Alto","Desfavorable"
113,3.2,7,3,4,4,7,4,8,4,"Femenino","Diurna","Bajo","No trabaja","Medio","Favorable"
114,3.9,12,2,7,1,5,5,9,4,"Masculino","Diurna","Medio","No trabaja","Medio","Favorable"
115,3.7,16,7,9,3,3,9,8,4,"Masculino","Diurna","Medio","No trabaja","Medio","Favorable"
116,2.4,8,6,4,0,8,6,4,2,"Femenino","Diurna","Bajo","Trabaja","Alto","Desfavorable"
117,2.7,9,10,4,1,7,4,2,4,"Masculino","Diurna","Medio","No trabaja","Alto","Desfavorable"
118,3.6,12,4,3,3,6,6,7,0,"Masculino","Nocturna","Bajo","No trabaja","Medio","Neutral"
119,4,9,3,4,1,5,6,6,1,"Masculino","Diurna","Medio","Trabaja","Bajo","Neutral"
120,3.4,11,6,6,1,5,6,9,5,"Femenino","Diurna","Medio","No trabaja","Medio","Favorable"
121,3.2,11,7,5,2,1,10,6,2,"Masculino","Diurna","Alto","No trabaja","Medio","Neutral"
122,3.3,8,6,6,2,3,8,8,5,"Femenino","Diurna","Medio","No trabaja","Medio","Favorable"
123,3.4,14,7,8,4,3,7,9,2,"Femenino","Nocturna","Bajo","No trabaja","Medio","Favorable"
124,3.3,14,9,4,2,8,3,6,3,"Femenino","Diurna","Bajo","Trabaja","Alto","Neutral"
125,3.9,15,4,8,0,4,9,4,3,"Femenino","Diurna","Alto","No trabaja","Medio","Desfavorable"
126,3.4,16,9,9,1,9,3,2,2,"Otro","Diurna","Bajo","Trabaja","Alto","Desfavorable"
127,3.4,9,6,5,1,7,5,6,4,"Femenino","Nocturna","Alto","Trabaja","Medio","Neutral"
128,3.2,9,4,5,1,5,6,9,3,"Femenino","Diurna","Medio","No trabaja","Medio","Favorable"
129,4,12,6,5,3,3,9,9,7,"Femenino","Diurna","Bajo","No trabaja","Medio","Favorable"
130,2.9,14,9,6,7,7,1,9,3,"Masculino","Diurna","Alto","Trabaja","Alto","Favorable"
131,3.3,10,3,3,4,8,3,4,4,"Masculino","Diurna","Bajo","No trabaja","Medio","Desfavorable"
132,3,9,4,6,2,8,1,5,2,"Masculino","Nocturna","Bajo","Trabaja","Alto","Neutral"
133,2.9,9,4,3,3,5,5,7,3,"Masculino","Nocturna","Bajo","No trabaja","Alto","Neutral"
134,4.3,17,0,7,5,2,7,9,1,"Masculino","Diurna","Bajo","No trabaja","Bajo","Neutral"
135,2,1,9,1,2,7,6,3,1,"Masculino","Nocturna","Medio","Trabaja","Alto","Desfavorable"
136,2.9,10,11,4,3,2,8,4,2,"Masculino","Nocturna","Medio","Trabaja","Alto","Desfavorable"
137,2.7,11,11,5,3,10,1,8,2,"Masculino","Diurna","Medio","No trabaja","Alto","Favorable"
138,3.5,7,3,3,3,6,7,8,2,"Masculino","Diurna","Medio","No trabaja","Medio","Favorable"
139,3.5,13,5,5,2,9,3,2,3,"Otro","Diurna","Alto","No trabaja","Medio","Desfavorable"
140,2.7,3,6,3,4,6,4,9,4,"Femenino","Diurna","Medio","No trabaja","Alto","Favorable"
141,3.2,15,8,4,2,10,1,7,2,"Femenino","Nocturna","Medio","No trabaja","Medio","Neutral"
142,3.6,4,4,4,2,4,8,6,2,"Femenino","Diurna","Bajo","No trabaja","Medio","Neutral"
143,2.2,2,9,4,2,9,1,5,1,"Femenino","Diurna","Bajo","No trabaja","Alto","Neutral"
144,3,8,8,2,3,7,3,8,0,"Femenino","Nocturna","Bajo","Trabaja","Alto","Neutral"
145,2.6,12,9,3,2,8,2,6,5,"Masculino","Diurna","Bajo","No trabaja","Alto","Neutral"
146,3.6,8,1,9,2,3,6,8,5,"Femenino","Diurna","Bajo","No trabaja","Medio","Favorable"
147,2.9,9,6,6,3,10,1,9,2,"Femenino","Diurna","Bajo","No trabaja","Alto","Favorable"
148,3,12,9,6,1,9,1,6,1,"Femenino","Diurna","Bajo","Trabaja","Alto","Neutral"
149,3.1,7,5,4,1,5,8,4,4,"Femenino","Diurna","Medio","No trabaja","Alto","Desfavorable"
150,3.4,11,5,7,5,4,5,7,7,"Masculino","Diurna","Medio","No trabaja","Medio","Neutral"
151,3.8,13,5,7,1,3,8,3,5,"Masculino","Nocturna","Bajo","No trabaja","Medio","Desfavorable"
152,4.2,18,8,7,3,3,9,7,2,"Femenino","Diurna","Alto","Trabaja","Medio","Neutral"
153,3.3,13,13,6,0,5,7,5,0,"Femenino","Nocturna","Medio","Trabaja","Alto","Neutral"
154,3.5,18,6,8,2,7,1,5,4,"Femenino","Nocturna","Bajo","Trabaja","Medio","Neutral"
155,3.4,13,6,6,3,8,5,5,6,"Femenino","Diurna","Bajo","No trabaja","Medio","Neutral"
156,3.4,11,5,4,0,7,4,10,1,"Femenino","Diurna","Bajo","No trabaja","Medio","Neutral"
157,2.6,2,10,5,4,3,9,4,2,"Masculino","Diurna","Medio","No trabaja","Alto","Desfavorable"
158,2.8,6,15,4,3,8,2,3,2,"Femenino","Nocturna","Medio","Trabaja","Alto","Desfavorable"
159,2.9,10,8,4,2,9,1,5,3,"Femenino","Diurna","Bajo","No trabaja","Alto","Neutral"
160,3.5,14,6,8,3,8,3,5,0,"Femenino","Diurna","Bajo","No trabaja","Medio","Neutral"
161,2.3,10,10,6,2,10,2,10,4,"Masculino","Diurna","Alto","No trabaja","Alto","Favorable"
162,3.3,13,5,6,1,7,2,7,6,"Femenino","Diurna","Bajo","No trabaja","Medio","Neutral"
163,3.3,7,8,5,0,1,9,7,3,"Masculino","Diurna","Medio","Trabaja","Medio","Neutral"
164,3.1,10,9,4,2,8,4,4,5,"Femenino","Diurna","Medio","No trabaja","Alto","Desfavorable"
165,3.6,12,6,6,0,6,7,9,2,"Femenino","Diurna","Medio","No trabaja","Medio","Favorable"
166,3.3,10,7,4,2,4,6,7,2,"Masculino","Diurna","Alto","Trabaja","Medio","Neutral"
167,3.5,11,7,3,0,6,7,8,5,"Masculino","Diurna","Bajo","No trabaja","Medio","Favorable"
168,3.4,8,5,4,1,5,6,7,3,"Femenino","Diurna","Alto","No trabaja","Medio","Neutral"
169,3.2,12,12,7,3,6,5,3,4,"Femenino","Diurna","Medio","No trabaja","Alto","Desfavorable"
170,3.3,11,8,4,4,8,4,5,2,"Femenino","Nocturna","Bajo","Trabaja","Medio","Neutral"
171,3.3,11,9,5,3,6,6,6,2,"Masculino","Diurna","Bajo","No trabaja","Alto","Neutral"
172,2.6,3,6,0,1,5,5,9,2,"Femenino","Diurna","Bajo","No trabaja","Alto","Favorable"
173,3,8,10,4,1,4,8,7,3,"Masculino","Diurna","Bajo","No trabaja","Alto","Neutral"
174,2.5,5,10,6,5,7,3,6,1,"Masculino","Nocturna","Bajo","No trabaja","Alto","Neutral"
175,3.5,5,4,1,4,7,5,6,5,"Masculino","Diurna","Medio","No trabaja","Medio","Neutral"
176,3,9,7,3,4,7,3,9,2,"Masculino","Diurna","Bajo","No trabaja","Alto","Favorable"
177,2.8,10,7,5,4,8,2,8,2,"Femenino","Nocturna","Bajo","No trabaja","Alto","Favorable"
178,4.2,12,8,7,3,1,10,6,6,"Masculino","Diurna","Medio","No trabaja","Medio","Neutral"
179,3.8,15,8,10,4,7,5,8,2,"Masculino","Diurna","Bajo","Trabaja","Medio","Favorable"
180,3.2,13,9,12,0,5,4,6,2,"Masculino","Diurna","Medio","Trabaja","Alto","Neutral"
181,3.7,15,6,9,3,7,5,7,4,"Masculino","Diurna","Alto","No trabaja","Medio","Neutral"
182,2.4,9,11,6,2,8,3,6,3,"Femenino","Diurna","Medio","Trabaja","Alto","Neutral"
183,3.6,10,7,10,3,4,8,8,4,"Masculino","Diurna","Bajo","No trabaja","Medio","Favorable"
184,3.5,15,5,7,5,6,6,6,0,"Femenino","Nocturna","Medio","Trabaja","Medio","Neutral"
185,2.7,11,9,5,3,10,1,6,0,"Masculino","Nocturna","Medio","Trabaja","Alto","Neutral"
186,2.9,4,5,4,2,5,6,6,5,"Femenino","Diurna","Bajo","No trabaja","Alto","Neutral"
187,2.6,8,9,2,2,4,7,6,0,"Femenino","Diurna","Medio","No trabaja","Alto","Neutral"
188,2.9,15,6,4,0,9,1,4,3,"Masculino","Nocturna","Medio","Trabaja","Alto","Desfavorable"
189,3.6,9,0,9,2,8,1,6,4,"Masculino","Diurna","Bajo","No trabaja","Medio","Neutral"
190,2.7,12,9,5,1,7,3,8,0,"Masculino","Diurna","Medio","Trabaja","Alto","Neutral"
191,2.7,11,9,5,4,10,2,4,1,"Femenino","Diurna","Medio","No trabaja","Alto","Desfavorable"
192,3,9,7,3,1,6,6,8,2,"Femenino","Diurna","Bajo","No trabaja","Alto","Favorable"
193,3.2,10,10,6,3,4,9,6,5,"Otro","Diurna","Medio","No trabaja","Alto","Neutral"
194,3.4,13,10,8,3,6,6,7,3,"Masculino","Nocturna","Alto","No trabaja","Alto","Neutral"
195,3.2,12,5,6,1,8,3,3,2,"Masculino","Diurna","Alto","Trabaja","Medio","Desfavorable"
196,2.7,16,11,8,5,9,1,6,3,"Femenino","Diurna","Medio","Trabaja","Alto","Neutral"
197,3.1,10,7,7,2,8,2,5,3,"Femenino","Nocturna","Medio","Trabaja","Alto","Neutral"
198,2.7,7,9,4,2,9,3,4,3,"Masculino","Diurna","Medio","No trabaja","Alto","Desfavorable"
199,3.3,12,10,5,2,7,3,6,2,"Femenino","Nocturna","Bajo","No trabaja","Alto","Neutral"
200,3.4,14,6,7,0,7,4,8,3,"Masculino","Diurna","Bajo","No trabaja","Medio","Favorable"
201,3.4,20,12,7,3,10,2,4,1,"Femenino","Nocturna","Medio","Trabaja","Alto","Desfavorable"
202,2.9,9,8,5,1,7,5,5,0,"Masculino","Nocturna","Medio","Trabaja","Alto","Neutral"
203,3.2,10,11,4,5,6,5,5,2,"Masculino","Diurna","Medio","Trabaja","Alto","Neutral"
204,3.8,15,2,10,0,6,4,5,5,"Masculino","Nocturna","Bajo","Trabaja","Medio","Neutral"
205,3.9,16,3,3,0,3,6,9,3,"Femenino","Diurna","Bajo","No trabaja","Medio","Favorable"
206,2.8,8,9,6,2,8,3,6,2,"Masculino","Nocturna","Medio","Trabaja","Alto","Neutral"
207,3.6,14,4,6,1,7,3,7,3,"Femenino","Diurna","Bajo","No trabaja","Medio","Neutral"
208,4.2,9,0,9,5,4,7,5,6,"Femenino","Diurna","Medio","No trabaja","Bajo","Neutral"
209,3.4,7,6,4,3,5,6,9,2,"Femenino","Nocturna","Medio","Trabaja","Medio","Favorable"
210,3.1,13,11,8,3,5,5,6,3,"Femenino","Diurna","Bajo","No trabaja","Alto","Neutral"
211,3.7,11,2,7,3,6,6,4,3,"Femenino","Diurna","Bajo","No trabaja","Medio","Desfavorable"
212,3.1,13,10,7,2,10,3,4,1,"Femenino","Nocturna","Medio","Trabaja","Alto","Desfavorable"
213,2.8,9,7,6,4,6,5,6,1,"Femenino","Diurna","Bajo","Trabaja","Alto","Neutral"
214,3.9,18,6,12,3,5,7,6,4,"Masculino","Diurna","Bajo","No trabaja","Medio","Neutral"
215,3.3,14,7,9,3,7,2,7,3,"Femenino","Diurna","Medio","Trabaja","Medio","Neutral"
216,3.4,10,9,6,0,6,5,7,3,"Masculino","Nocturna","Bajo","Trabaja","Alto","Neutral"
217,3.3,14,8,10,0,9,2,8,2,"Femenino","Diurna","Bajo","Trabaja","Medio","Favorable"
218,3.6,6,2,5,0,6,6,7,0,"Femenino","Nocturna","Medio","Trabaja","Medio","Neutral"
219,3,10,8,7,2,9,3,5,0,"Masculino","Diurna","Medio","Trabaja","Alto","Neutral"
220,3.4,17,9,10,5,9,2,3,0,"Masculino","Nocturna","Bajo","Trabaja","Alto","Desfavorable"
221,3.4,10,9,6,0,10,2,6,4,"Femenino","Diurna","Bajo","Trabaja","Alto","Neutral"
222,3.5,15,10,9,3,4,6,5,4,"Masculino","Diurna","Medio","No trabaja","Alto","Neutral"
223,3.6,10,8,5,3,4,7,8,4,"Masculino","Diurna","Medio","Trabaja","Medio","Favorable"
224,2.5,2,10,3,3,8,1,3,3,"Masculino","Nocturna","Bajo","Trabaja","Alto","Desfavorable"
225,2.9,7,5,5,2,6,6,6,0,"Femenino","Nocturna","Alto","Trabaja","Alto","Neutral"
226,3.3,12,8,5,1,6,6,5,5,"Femenino","Diurna","Bajo","Trabaja","Medio","Neutral"
227,4,17,1,12,1,6,5,8,7,"Femenino","Diurna","Bajo","No trabaja","Bajo","Favorable"
228,2.4,9,12,4,2,10,4,5,4,"Masculino","Diurna","Bajo","No trabaja","Alto","Neutral"
229,3,12,8,5,5,6,4,10,1,"Masculino","Nocturna","Alto","Trabaja","Alto","Neutral"
230,3,7,7,7,1,5,8,6,5,"Masculino","Diurna","Bajo","No trabaja","Alto","Neutral"
231,2.6,7,7,4,3,9,3,5,5,"Masculino","Diurna","Medio","No trabaja","Alto","Neutral"
232,3.8,8,2,7,2,6,8,10,6,"Femenino","Diurna","Alto","No trabaja","Medio","Favorable"
233,3.8,16,7,6,4,6,7,10,5,"Masculino","Diurna","Medio","No trabaja","Medio","Favorable"
234,4.1,15,3,7,2,3,9,10,3,"Femenino","Diurna","Medio","No trabaja","Bajo","Favorable"
235,3,13,9,6,3,9,3,6,3,"Femenino","Diurna","Bajo","Trabaja","Alto","Neutral"
236,4,15,4,5,0,8,4,7,3,"Femenino","Diurna","Medio","No trabaja","Bajo","Neutral"
237,2.7,9,6,5,3,8,4,8,1,"Femenino","Diurna","Alto","Trabaja","Alto","Neutral"
238,3.3,14,10,6,2,6,6,8,0,"Masculino","Nocturna","Bajo","Trabaja","Alto","Neutral"
239,3,12,10,8,0,10,3,4,0,"Femenino","Nocturna","Bajo","Trabaja","Alto","Desfavorable"
240,3.3,7,5,4,0,5,6,6,3,"Masculino","Diurna","Alto","No trabaja","Medio","Neutral"
241,2.9,8,4,5,2,10,4,8,4,"Masculino","Diurna","Bajo","No trabaja","Alto","Favorable"
242,3.3,11,7,4,3,7,4,5,5,"Masculino","Diurna","Medio","No trabaja","Medio","Neutral"
243,3,12,8,7,3,8,1,7,3,"Femenino","Diurna","Bajo","Trabaja","Alto","Neutral"
244,2.5,10,11,2,2,10,3,4,2,"Masculino","Diurna","Alto","Trabaja","Alto","Desfavorable"
245,2.9,7,5,0,3,8,1,10,0,"Femenino","Nocturna","Alto","No trabaja","Alto","Neutral"
246,2.6,3,8,7,3,8,3,8,2,"Masculino","Diurna","Alto","Trabaja","Alto","Favorable"
247,2.8,13,15,8,1,6,4,7,1,"Femenino","Diurna","Bajo","Trabaja","Alto","Neutral"
248,3.8,10,2,7,2,8,5,6,2,"Masculino","Diurna","Medio","No trabaja","Medio","Neutral"
249,3.5,13,7,2,2,8,4,5,2,"Masculino","Diurna","Bajo","No trabaja","Medio","Neutral"
250,2.8,5,10,5,1,7,3,5,1,"Masculino","Nocturna","Bajo","Trabaja","Alto","Neutral"
251,2.7,6,8,5,3,7,6,7,1,"Femenino","Nocturna","Alto","Trabaja","Alto","Neutral"
252,3.8,11,4,6,3,5,6,7,5,"Femenino","Diurna","Alto","No trabaja","Medio","Neutral"
253,3.6,5,2,5,4,3,9,8,7,"Masculino","Diurna","Medio","No trabaja","Medio","Favorable"
254,3.3,3,2,5,4,7,5,2,4,"Femenino","Diurna","Medio","No trabaja","Medio","Desfavorable"
255,3.7,14,7,7,3,4,6,8,2,"Masculino","Diurna","Bajo","Trabaja","Medio","Favorable"
256,2.7,15,13,11,3,9,2,6,4,"Masculino","Nocturna","Bajo","Trabaja","Alto","Neutral"
257,3.3,7,6,6,3,3,4,9,4,"Femenino","Diurna","Medio","No trabaja","Medio","Favorable"
258,2.3,10,13,8,3,10,1,8,3,"Femenino","Diurna","Bajo","Trabaja","Alto","Favorable"
259,2.9,6,5,3,1,8,4,8,4,"Femenino","Nocturna","Bajo","No trabaja","Alto","Favorable"
260,3.4,12,8,6,3,10,3,8,1,"Masculino","Diurna","Alto","No trabaja","Medio","Neutral"
261,3.9,11,6,4,1,4,8,6,4,"Masculino","Diurna","Medio","No trabaja","Medio","Neutral"
262,2.8,8,7,6,6,8,3,5,4,"Masculino","Diurna","Alto","No trabaja","Alto","Neutral"
263,3,8,7,5,1,6,6,5,5,"Masculino","Diurna","Medio","No trabaja","Alto","Neutral"
264,3.2,7,8,5,0,6,4,10,2,"Masculino","Diurna","Bajo","No trabaja","Medio","Favorable"
265,3.1,13,9,5,5,7,3,2,0,"Masculino","Nocturna","Medio","Trabaja","Alto","Desfavorable"
266,2.9,13,11,6,1,9,1,5,4,"Masculino","Diurna","Bajo","Trabaja","Alto","Neutral"
267,3.3,13,9,11,3,6,6,6,3,"Femenino","Diurna","Bajo","Trabaja","Alto","Neutral"
268,3.2,8,9,3,3,6,5,7,0,"Femenino","Nocturna","Alto","Trabaja","Alto","Neutral"
269,2.9,4,6,3,5,8,4,8,2,"Femenino","Diurna","Bajo","No trabaja","Alto","Favorable"
270,3.9,13,5,4,1,1,10,5,0,"Masculino","Nocturna","Bajo","Trabaja","Medio","Neutral"
271,3.8,10,4,3,0,5,8,8,4,"Masculino","Diurna","Bajo","No trabaja","Medio","Favorable"
272,3.6,11,8,5,4,6,8,8,2,"Femenino","Nocturna","Bajo","Trabaja","Medio","Favorable"
273,3,15,11,6,0,9,1,5,1,"Femenino","Diurna","Bajo","Trabaja","Alto","Neutral"
274,3.3,7,8,3,0,7,5,6,5,"Femenino","Diurna","Bajo","No trabaja","Medio","Neutral"
275,3.8,16,5,6,4,3,7,8,3,"Masculino","Nocturna","Alto","No trabaja","Medio","Favorable"
276,2.8,9,7,5,2,10,3,5,3,"Masculino","Diurna","Alto","Trabaja","Alto","Neutral"
277,2.2,8,14,7,6,10,2,6,2,"Otro","Nocturna","Alto","Trabaja","Alto","Neutral"
278,3.6,10,2,5,3,9,4,6,3,"Femenino","Diurna","Medio","No trabaja","Medio","Neutral"
279,3.5,13,7,4,2,4,5,4,1,"Femenino","Diurna","Bajo","No trabaja","Medio","Desfavorable"
280,2.8,10,7,3,1,10,1,9,3,"Masculino","Diurna","Bajo","No trabaja","Alto","Favorable"
281,2.4,7,4,0,6,8,5,10,1,"Masculino","Diurna","Bajo","No trabaja","Alto","Neutral"
282,3.1,10,5,2,0,9,1,8,1,"Femenino","Nocturna","Alto","Trabaja","Alto","Neutral"
283,2.9,1,5,1,4,4,6,6,1,"Femenino","Diurna","Bajo","No trabaja","Alto","Neutral"
284,3,9,17,3,3,8,3,4,2,"Femenino","Nocturna","Medio","Trabaja","Alto","Desfavorable"
285,2.9,13,8,4,1,7,3,9,6,"Femenino","Diurna","Medio","Trabaja","Alto","Favorable"
286,3.9,10,5,9,5,3,9,9,5,"Femenino","Diurna","Bajo","No trabaja","Medio","Favorable"
287,3.5,14,8,10,1,6,4,9,4,"Femenino","Nocturna","Medio","No trabaja","Medio","Favorable"
288,3.6,13,2,12,2,8,3,6,3,"Femenino","Diurna","Bajo","No trabaja","Medio","Neutral"
289,3,14,10,8,3,9,1,7,2,"Femenino","Diurna","Medio","Trabaja","Alto","Neutral"
290,3.6,14,8,7,6,6,6,10,1,"Masculino","Diurna","Medio","No trabaja","Medio","Neutral"
291,2.4,4,8,1,4,10,2,6,2,"Femenino","Nocturna","Bajo","Trabaja","Alto","Neutral"
292,3.3,11,6,4,5,4,5,7,5,"Femenino","Diurna","Alto","No trabaja","Medio","Neutral"
293,3.6,18,4,7,1,8,5,6,5,"Femenino","Diurna","Bajo","No trabaja","Medio","Neutral"
294,2,9,11,8,0,10,1,3,0,"Masculino","Nocturna","Bajo","Trabaja","Alto","Desfavorable"
295,4.1,13,1,8,4,3,9,5,3,"Masculino","Diurna","Alto","No trabaja","Bajo","Neutral"
296,3.8,12,5,8,0,2,9,6,1,"Masculino","Diurna","Bajo","No trabaja","Medio","Neutral"
297,3.3,13,9,6,0,9,1,6,2,"Otro","Nocturna","Bajo","No trabaja","Alto","Neutral"
298,2.7,10,14,2,3,7,3,6,0,"Femenino","Nocturna","Alto","Trabaja","Alto","Neutral"
299,3.1,8,6,5,2,10,2,8,0,"Femenino","Nocturna","Medio","Trabaja","Alto","Neutral"
300,2.9,11,5,5,4,8,3,4,1,"Masculino","Diurna","Alto","Trabaja","Alto","Desfavorable"
301,3.5,12,6,6,5,6,5,7,3,"Masculino","Diurna","Medio","No trabaja","Medio","Neutral"
302,3.4,10,6,10,4,3,9,6,4,"Femenino","Diurna","Alto","No trabaja","Medio","Neutral"
303,3.5,11,8,8,3,4,8,7,5,"Masculino","Diurna","Bajo","No trabaja","Medio","Neutral"
304,3.8,13,9,6,3,5,6,7,0,"Masculino","Nocturna","Medio","Trabaja","Alto","Neutral"
305,2.5,8,5,1,2,10,1,9,5,"Masculino","Nocturna","Medio","No trabaja","Alto","Favorable"
306,3.3,16,12,7,5,4,5,9,2,"Femenino","Diurna","Bajo","No trabaja","Alto","Favorable"
307,3.6,20,7,11,2,8,3,9,3,"Femenino","Diurna","Medio","Trabaja","Medio","Favorable"
308,3.4,17,9,9,4,10,4,6,5,"Femenino","Diurna","Medio","No trabaja","Alto","Neutral"
309,3.7,9,8,6,1,5,6,10,2,"Femenino","Diurna","Alto","No trabaja","Medio","Favorable"
310,2.4,4,5,5,3,6,4,5,2,"Femenino","Diurna","Bajo","No trabaja","Alto","Neutral"
311,3.5,11,11,6,0,5,8,6,4,"Femenino","Diurna","Medio","No trabaja","Alto","Neutral"
312,3.4,15,5,7,2,7,5,10,1,"Femenino","Diurna","Bajo","Trabaja","Medio","Neutral"
313,3.6,14,6,6,0,6,7,6,1,"Masculino","Nocturna","Bajo","Trabaja","Medio","Neutral"
314,2.9,6,12,6,3,6,6,7,1,"Femenino","Diurna","Medio","Trabaja","Alto","Neutral"
315,3.5,7,4,4,2,8,4,7,2,"Femenino","Nocturna","Medio","Trabaja","Medio","Neutral"
316,3.8,12,8,8,4,4,8,7,5,"Masculino","Diurna","Medio","No trabaja","Medio","Neutral"
317,4.1,14,8,4,1,3,7,9,4,"Masculino","Nocturna","Bajo","No trabaja","Medio","Favorable"
318,2.7,14,8,4,1,8,3,7,3,"Femenino","Diurna","Medio","No trabaja","Alto","Neutral"
319,3.3,14,8,7,0,6,6,6,3,"Femenino","Diurna","Bajo","No trabaja","Medio","Neutral"
320,3.5,7,4,6,4,3,10,9,3,"Masculino","Diurna","Medio","No trabaja","Medio","Favorable"
321,3.4,6,5,3,5,5,7,5,2,"Masculino","Nocturna","Medio","No trabaja","Medio","Neutral"
322,2.4,3,8,2,2,8,5,8,3,"Femenino","Diurna","Medio","No trabaja","Alto","Favorable"
323,2.9,13,12,1,5,6,5,5,0,"Femenino","Nocturna","Bajo","Trabaja","Alto","Neutral"
324,3.5,14,3,8,1,8,2,7,4,"Masculino","Diurna","Medio","No trabaja","Medio","Neutral"
325,3,12,5,4,0,6,4,8,0,"Femenino","Nocturna","Medio","Trabaja","Alto","Neutral"
326,3.6,7,3,5,3,3,6,9,4,"Femenino","Diurna","Bajo","No trabaja","Medio","Favorable"
327,3.5,17,6,11,3,7,1,8,3,"Otro","Diurna","Medio","No trabaja","Medio","Favorable"
328,3.7,10,8,5,0,2,8,9,1,"Femenino","Diurna","Bajo","Trabaja","Medio","Neutral"
329,3,18,13,10,0,6,4,5,5,"Femenino","Diurna","Bajo","No trabaja","Alto","Neutral"
330,3.4,13,8,6,2,6,7,7,4,"Masculino","Diurna","Medio","No trabaja","Medio","Neutral"
331,3.8,16,6,8,3,7,2,9,3,"Masculino","Diurna","Bajo","No trabaja","Medio","Favorable"
332,3,12,4,4,0,7,4,5,4,"Femenino","Diurna","Bajo","No trabaja","Alto","Neutral"
333,3.4,11,6,7,0,7,3,5,1,"Masculino","Diurna","Medio","Trabaja","Medio","Neutral"
334,3,7,4,7,3,9,3,6,6,"Masculino","Diurna","Medio","No trabaja","Alto","Neutral"
335,2.6,9,5,9,4,10,2,6,3,"Femenino","Diurna","Medio","Trabaja","Alto","Neutral"
336,2.7,11,7,3,2,10,1,6,3,"Femenino","Diurna","Bajo","No trabaja","Alto","Neutral"
337,3.8,12,0,7,4,4,7,10,3,"Masculino","Nocturna","Bajo","Trabaja","Medio","Favorable"
338,3.6,11,5,5,1,5,6,4,2,"Masculino","Nocturna","Alto","Trabaja","Medio","Desfavorable"
339,3.5,10,10,7,2,4,5,4,1,"Masculino","Nocturna","Alto","No trabaja","Alto","Desfavorable"
340,3.5,12,6,6,5,5,6,6,1,"Otro","Diurna","Alto","No trabaja","Medio","Neutral"
341,2.8,9,8,5,2,7,3,10,4,"Femenino","Diurna","Medio","No trabaja","Alto","Favorable"
342,3,9,6,7,2,7,3,9,4,"Femenino","Diurna","Bajo","Trabaja","Alto","Favorable"
343,2.4,5,12,5,1,8,1,3,3,"Masculino","Diurna","Alto","Trabaja","Alto","Desfavorable"
344,3.6,14,5,7,2,6,5,5,2,"Femenino","Diurna","Alto","No trabaja","Medio","Neutral"
345,3.4,11,8,7,1,5,6,6,4,"Femenino","Diurna","Bajo","No trabaja","Medio","Neutral"
346,3.4,11,7,7,0,4,6,3,1,"Femenino","Nocturna","Bajo","No trabaja","Medio","Desfavorable"
347,3.3,8,7,5,0,5,8,8,4,"Otro","Diurna","Medio","No trabaja","Medio","Favorable"
348,2.9,10,7,6,2,5,4,7,4,"Femenino","Diurna","Bajo","Trabaja","Alto","Neutral"
349,2.3,7,12,6,3,7,4,3,3,"Femenino","Diurna","Medio","Trabaja","Alto","Desfavorable"
350,3.2,7,4,6,5,3,7,7,4,"Masculino","Diurna","Medio","No trabaja","Medio","Neutral"
351,2,3,17,5,3,10,2,5,1,"Femenino","Diurna","Medio","Trabaja","Alto","Neutral"
352,3.3,15,6,9,2,10,3,8,4,"Masculino","Diurna","Medio","No trabaja","Medio","Favorable"
353,3.8,12,8,7,4,4,3,7,0,"Masculino","Diurna","Bajo","Trabaja","Medio","Neutral"
354,3.2,7,4,4,7,9,1,5,5,"Femenino","Diurna","Medio","No trabaja","Medio","Neutral"
355,3.7,16,8,5,2,6,2,6,2,"Masculino","Diurna","Medio","No trabaja","Medio","Neutral"
356,3.7,13,7,6,4,6,8,9,2,"Otro","Diurna","Bajo","No trabaja","Medio","Favorable"
357,3.3,14,8,5,3,6,5,6,2,"Masculino","Diurna","Bajo","No trabaja","Medio","Neutral"
358,2.8,10,11,5,2,9,3,6,2,"Femenino","Nocturna","Bajo","Trabaja","Alto","Neutral"
359,3.1,9,6,4,0,7,4,8,3,"Femenino","Diurna","Bajo","Trabaja","Alto","Favorable"
360,3.1,11,8,5,0,4,5,8,1,"Masculino","Diurna","Bajo","No trabaja","Alto","Neutral"
361,3.7,13,2,5,1,6,3,4,0,"Femenino","Diurna","Medio","No trabaja","Medio","Desfavorable"
362,3.2,14,6,6,0,8,4,7,3,"Femenino","Diurna","Medio","No trabaja","Medio","Neutral"
363,4,17,10,9,0,7,5,8,1,"Masculino","Nocturna","Bajo","No trabaja","Alto","Neutral"
364,3.4,9,3,6,1,5,5,10,3,"Femenino","Diurna","Alto","Trabaja","Medio","Favorable"
365,3.4,7,5,4,5,3,6,5,3,"Femenino","Diurna","Medio","No trabaja","Medio","Neutral"
366,3.1,11,5,8,1,7,5,5,3,"Masculino","Diurna","Bajo","No trabaja","Alto","Neutral"
367,3.9,23,2,7,2,7,3,8,3,"Femenino","Diurna","Bajo","Trabaja","Medio","Favorable"
368,3.5,9,5,6,2,5,6,6,5,"Femenino","Diurna","Medio","No trabaja","Medio","Neutral"
369,3.4,16,10,11,4,7,5,8,3,"Femenino","Diurna","Medio","No trabaja","Alto","Favorable"
370,3.9,10,2,5,2,5,5,4,4,"Femenino","Diurna","Medio","No trabaja","Medio","Desfavorable"
371,2.9,9,5,6,2,7,2,8,0,"Femenino","Diurna","Alto","Trabaja","Alto","Neutral"
372,3.1,8,5,4,1,7,7,8,2,"Femenino","Diurna","Bajo","No trabaja","Alto","Favorable"
373,4.2,10,6,5,4,2,8,9,4,"Masculino","Diurna","Bajo","No trabaja","Medio","Favorable"
374,4,18,8,10,4,5,9,9,2,"Femenino","Diurna","Medio","Trabaja","Medio","Favorable"
375,3.6,12,7,4,2,3,7,7,5,"Masculino","Diurna","Bajo","No trabaja","Medio","Neutral"
376,3.6,13,6,5,8,4,8,4,1,"Masculino","Nocturna","Bajo","No trabaja","Medio","Desfavorable"
377,2.6,14,13,8,2,10,2,6,5,"Masculino","Diurna","Alto","No trabaja","Alto","Neutral"
378,3.4,19,6,9,7,8,1,7,3,"Femenino","Nocturna","Medio","No trabaja","Medio","Neutral"
379,3.8,14,2,9,2,8,2,3,4,"Femenino","Diurna","Bajo","No trabaja","Medio","Desfavorable"
380,3.5,5,1,6,0,5,9,9,3,"Otro","Diurna","Alto","No trabaja","Medio","Favorable"
381,2.7,7,7,6,0,9,2,6,4,"Masculino","Diurna","Bajo","Trabaja","Alto","Neutral"
382,3.1,5,4,2,1,4,9,5,3,"Masculino","Diurna","Bajo","No trabaja","Alto","Neutral"
383,2.8,0,12,2,5,4,5,6,2,"Femenino","Nocturna","Alto","Trabaja","Alto","Neutral"
384,4.3,16,5,7,5,1,10,9,2,"Masculino","Diurna","Bajo","No trabaja","Medio","Favorable"
385,2.7,9,9,5,3,8,3,6,0,"Masculino","Nocturna","Alto","Trabaja","Alto","Neutral"
386,3.8,13,1,8,3,6,5,6,4,"Masculino","Diurna","Bajo","No trabaja","Medio","Neutral"
387,3.4,16,7,8,1,5,5,10,2,"Femenino","Diurna","Medio","Trabaja","Medio","Favorable"
388,2.8,9,8,5,1,8,3,6,1,"Femenino","Nocturna","Medio","Trabaja","Alto","Neutral"
389,3.4,10,2,5,1,6,5,8,5,"Femenino","Diurna","Bajo","No trabaja","Medio","Favorable"
390,3.8,12,3,7,1,5,3,8,4,"Femenino","Diurna","Medio","No trabaja","Medio","Favorable"
391,3.2,12,6,4,1,10,1,8,2,"Otro","Nocturna","Medio","Trabaja","Medio","Favorable"
392,3,8,8,4,1,9,3,8,5,"Femenino","Diurna","Bajo","No trabaja","Alto","Favorable"
393,3.1,14,8,10,3,8,3,6,3,"Masculino","Diurna","Bajo","No trabaja","Alto","Neutral"
394,3.1,13,8,8,4,7,4,7,3,"Masculino","Diurna","Medio","No trabaja","Alto","Neutral"
395,2.3,10,10,4,5,5,6,4,5,"Femenino","Diurna","Alto","No trabaja","Alto","Desfavorable"
396,3.3,6,6,2,0,6,7,8,0,"Femenino","Nocturna","Alto","No trabaja","Medio","Neutral"
397,2.9,14,10,5,3,7,4,7,4,"Femenino","Diurna","Bajo","No trabaja","Alto","Neutral"
398,4.2,17,5,9,2,6,5,6,4,"Femenino","Diurna","Medio","No trabaja","Medio","Neutral"
399,3.2,17,9,9,2,9,3,7,6,"Femenino","Diurna","Medio","No trabaja","Alto","Neutral"
400,4.2,14,2,6,0,3,10,7,3,"Otro","Diurna","Alto","No trabaja","Bajo","Neutral"
401,3.9,9,4,4,2,3,9,8,4,"Otro","Diurna","Medio","No trabaja","Medio","Favorable"
402,2.8,9,9,7,1,7,6,5,2,"Femenino","Diurna","Medio","No trabaja","Alto","Neutral"
403,3.1,9,11,5,3,4,6,8,3,"Masculino","Diurna","Bajo","No trabaja","Alto","Favorable"
404,3.3,9,6,5,0,8,3,4,2,"Masculino","Diurna","Alto","No trabaja","Medio","Desfavorable"
405,3.6,14,5,8,8,6,4,10,4,"Femenino","Diurna","Medio","No trabaja","Medio","Favorable"
406,3.8,12,11,6,1,3,9,6,1,"Femenino","Nocturna","Bajo","Trabaja","Alto","Neutral"
407,2.6,4,8,2,2,7,4,4,2,"Masculino","Diurna","Bajo","Trabaja","Alto","Desfavorable"
408,2.8,4,9,3,1,8,4,3,2,"Femenino","Nocturna","Medio","Trabaja","Alto","Desfavorable"
409,3.5,11,9,4,2,6,9,2,5,"Femenino","Diurna","Medio","Trabaja","Alto","Desfavorable"
410,3.1,12,12,7,6,5,5,6,0,"Masculino","Nocturna","Medio","Trabaja","Alto","Neutral"
411,3.1,2,6,5,2,7,5,7,2,"Femenino","Nocturna","Alto","Trabaja","Alto","Neutral"
412,2.7,8,8,5,3,9,1,5,1,"Masculino","Nocturna","Medio","Trabaja","Alto","Neutral"
413,3.2,11,8,7,1,5,5,7,2,"Femenino","Diurna","Bajo","No trabaja","Medio","Neutral"
414,3.8,17,2,7,5,9,4,4,0,"Femenino","Diurna","Bajo","Trabaja","Medio","Desfavorable"
415,2.3,3,12,3,4,10,1,7,4,"Femenino","Diurna","Alto","Trabaja","Alto","Neutral"
416,3,6,7,4,2,4,8,7,4,"Femenino","Nocturna","Bajo","Trabaja","Alto","Neutral"
417,2.5,7,5,2,3,9,1,7,4,"Masculino","Diurna","Bajo","Trabaja","Alto","Neutral"
418,3.1,12,7,6,2,6,5,10,2,"Femenino","Diurna","Bajo","No trabaja","Alto","Favorable"
419,2.6,12,14,7,3,7,3,8,2,"Femenino","Nocturna","Medio","No trabaja","Alto","Favorable"
420,3.3,10,4,7,1,10,2,4,7,"Femenino","Diurna","Bajo","No trabaja","Medio","Desfavorable"
421,2.8,5,5,6,4,9,1,8,2,"Masculino","Nocturna","Medio","Trabaja","Alto","Favorable"
422,3.3,8,6,2,5,5,6,4,5,"Masculino","Diurna","Medio","No trabaja","Medio","Desfavorable"
423,3.1,9,12,6,4,5,5,10,5,"Masculino","Diurna","Bajo","Trabaja","Alto","Favorable"
424,3.2,10,8,7,3,8,3,9,0,"Femenino","Nocturna","Bajo","Trabaja","Medio","Neutral"
425,3,17,8,8,3,7,3,4,3,"Masculino","Diurna","Medio","No trabaja","Alto","Desfavorable"
426,2.6,8,9,6,3,9,1,3,3,"Masculino","Diurna","Medio","No trabaja","Alto","Desfavorable"
427,3.1,11,3,3,4,10,1,9,2,"Femenino","Diurna","Bajo","Trabaja","Alto","Favorable"
428,3,8,11,5,3,8,4,3,0,"Femenino","Nocturna","Medio","Trabaja","Alto","Desfavorable"
429,2.9,6,7,0,4,7,7,10,1,"Femenino","Nocturna","Bajo","Trabaja","Alto","Neutral"
430,3.2,14,8,8,3,8,1,8,2,"Masculino","Diurna","Medio","Trabaja","Medio","Favorable"
431,2.4,7,16,8,3,10,3,7,0,"Masculino","Nocturna","Medio","Trabaja","Alto","Neutral"
432,4.2,22,7,13,3,6,3,6,6,"Masculino","Diurna","Bajo","No trabaja","Medio","Neutral"
433,3.1,11,11,1,2,7,4,9,1,"Femenino","Nocturna","Bajo","Trabaja","Alto","Neutral"
434,3.3,11,6,7,4,5,4,7,0,"Otro","Nocturna","Medio","Trabaja","Medio","Neutral"
435,3.4,11,7,5,1,6,7,9,3,"Femenino","Diurna","Bajo","No trabaja","Medio","Favorable"
436,3.2,18,6,8,3,6,5,6,0,"Masculino","Diurna","Medio","No trabaja","Medio","Neutral"
437,3,14,7,2,2,7,4,8,2,"Femenino","Diurna","Bajo","Trabaja","Alto","Favorable"
438,2.7,10,9,6,0,6,6,4,3,"Femenino","Nocturna","Medio","No trabaja","Alto","Desfavorable"
439,3.9,6,1,3,5,5,10,6,3,"Femenino","Diurna","Bajo","No trabaja","Medio","Neutral"
440,2.7,7,10,5,1,9,1,5,4,"Femenino","Diurna","Medio","No trabaja","Alto","Neutral"
441,2.9,8,13,4,5,7,5,8,4,"Femenino","Diurna","Medio","No trabaja","Alto","Favorable"
442,3.4,16,7,6,0,10,1,6,2,"Masculino","Diurna","Bajo","Trabaja","Medio","Neutral"
443,3.3,10,8,6,0,4,7,6,6,"Masculino","Diurna","Bajo","No trabaja","Medio","Neutral"
444,3.2,8,12,6,4,3,10,4,6,"Femenino","Diurna","Bajo","No trabaja","Alto","Desfavorable"
445,3.6,14,6,7,2,7,4,6,3,"Masculino","Nocturna","Bajo","Trabaja","Medio","Neutral"
446,3.4,16,9,9,0,10,1,6,3,"Masculino","Nocturna","Medio","Trabaja","Alto","Neutral"
447,2.4,8,13,4,5,7,4,7,7,"Masculino","Diurna","Bajo","No trabaja","Alto","Neutral"
448,3.7,9,3,8,0,3,7,6,3,"Femenino","Diurna","Bajo","No trabaja","Medio","Neutral"
449,3,12,9,5,1,6,8,5,4,"Femenino","Diurna","Bajo","No trabaja","Alto","Neutral"
450,2.9,11,7,5,0,6,8,3,1,"Masculino","Diurna","Medio","No trabaja","Alto","Desfavorable"
451,2.8,13,5,9,1,9,1,7,4,"Masculino","Diurna","Medio","No trabaja","Alto","Neutral"
452,2.6,18,10,11,2,10,1,4,0,"Femenino","Nocturna","Bajo","Trabaja","Alto","Desfavorable"
453,2.8,11,8,7,2,9,5,6,1,"Femenino","Nocturna","Bajo","Trabaja","Alto","Neutral"
454,2.8,10,8,6,1,7,5,7,4,"Femenino","Diurna","Medio","No trabaja","Alto","Neutral"
455,4.2,13,4,10,2,4,5,3,3,"Femenino","Diurna","Alto","No trabaja","Bajo","Desfavorable"
456,3.4,11,4,4,3,9,1,6,1,"Masculino","Nocturna","Alto","Trabaja","Medio","Neutral"
457,3.1,14,8,9,1,8,1,9,0,"Masculino","Diurna","Medio","No trabaja","Alto","Neutral"
458,2.5,10,12,9,0,9,2,8,3,"Masculino","Nocturna","Bajo","Trabaja","Alto","Favorable"
459,3.3,13,9,7,1,10,1,2,2,"Femenino","Nocturna","Medio","Trabaja","Alto","Desfavorable"
460,3.2,5,4,5,0,7,6,7,1,"Femenino","Diurna","Medio","No trabaja","Medio","Neutral"
461,3.1,11,6,7,3,8,6,2,2,"Otro","Nocturna","Bajo","No trabaja","Alto","Desfavorable"
462,2.9,9,5,8,6,10,2,5,3,"Femenino","Nocturna","Medio","Trabaja","Alto","Neutral"
463,3.2,6,5,2,1,5,6,10,4,"Femenino","Nocturna","Alto","Trabaja","Medio","Favorable"
464,2.7,9,9,7,1,10,3,6,7,"Femenino","Diurna","Bajo","No trabaja","Alto","Neutral"
465,4.2,12,0,3,1,8,2,5,3,"Masculino","Diurna","Bajo","No trabaja","Bajo","Neutral"
466,3.2,11,9,10,4,8,2,4,4,"Femenino","Nocturna","Bajo","No trabaja","Alto","Desfavorable"
467,3.7,14,6,6,2,6,5,7,4,"Femenino","Nocturna","Bajo","No trabaja","Medio","Neutral"
468,3.9,15,2,7,3,4,7,5,2,"Masculino","Diurna","Bajo","No trabaja","Medio","Neutral"
469,4.2,14,5,7,4,3,7,7,4,"Femenino","Diurna","Bajo","No trabaja","Medio","Neutral"
470,3.5,10,5,3,3,7,5,5,4,"Masculino","Diurna","Bajo","No trabaja","Medio","Neutral"
471,2,6,13,4,4,8,2,3,3,"Femenino","Nocturna","Bajo","Trabaja","Alto","Desfavorable"
472,2.4,10,13,6,0,9,4,4,4,"Masculino","Diurna","Bajo","No trabaja","Alto","Desfavorable"
473,3.5,16,12,7,2,7,3,8,2,"Femenino","Nocturna","Bajo","No trabaja","Alto","Favorable"
474,2.3,11,13,10,1,7,3,4,3,"Masculino","Diurna","Medio","Trabaja","Alto","Desfavorable"
475,2.1,4,11,0,0,10,1,3,2,"Masculino","Diurna","Bajo","No trabaja","Alto","Desfavorable"
476,3.1,13,12,6,0,7,6,2,2,"Femenino","Nocturna","Medio","Trabaja","Alto","Desfavorable"
477,3.3,12,5,9,4,5,7,8,3,"Masculino","Diurna","Medio","No trabaja","Medio","Favorable"
478,3,9,10,3,0,9,3,5,2,"Femenino","Nocturna","Bajo","Trabaja","Alto","Neutral"
479,3.1,12,4,6,1,10,3,5,2,"Femenino","Nocturna","Medio","Trabaja","Alto","Neutral"
480,3.7,16,5,11,4,4,5,9,3,"Masculino","Nocturna","Bajo","No trabaja","Medio","Favorable"
481,3.3,16,6,4,3,6,7,7,0,"Femenino","Nocturna","Bajo","Trabaja","Medio","Neutral"
482,3.5,9,3,4,3,5,6,8,3,"Masculino","Diurna","Bajo","No trabaja","Medio","Favorable"
483,2.4,11,13,3,3,8,1,4,1,"Femenino","Nocturna","Medio","Trabaja","Alto","Desfavorable"
484,2.2,5,11,5,3,9,1,4,2,"Masculino","Nocturna","Bajo","Trabaja","Alto","Desfavorable"
485,2.5,8,10,3,0,9,1,7,4,"Masculino","Nocturna","Alto","Trabaja","Alto","Neutral"
486,4,19,6,10,1,8,5,8,4,"Femenino","Diurna","Bajo","No trabaja","Medio","Favorable"
487,3.1,17,10,7,0,6,2,8,0,"Femenino","Nocturna","Bajo","No trabaja","Alto","Neutral"
488,2.6,10,11,5,2,8,2,6,1,"Masculino","Diurna","Medio","Trabaja","Alto","Neutral"
489,2.9,8,5,7,6,9,1,6,3,"Femenino","Diurna","Bajo","Trabaja","Alto","Neutral"
490,3.3,6,3,4,3,6,5,5,3,"Masculino","Nocturna","Medio","Trabaja","Medio","Neutral"
491,3.6,20,2,5,1,7,4,10,6,"Otro","Diurna","Medio","No trabaja","Medio","Favorable"
492,2.9,11,5,5,4,9,4,6,2,"Femenino","Diurna","Bajo","No trabaja","Alto","Neutral"
493,3.2,9,9,7,3,5,7,5,1,"Femenino","Nocturna","Medio","Trabaja","Alto","Neutral"
494,3.2,15,12,11,2,8,4,8,2,"Masculino","Nocturna","Alto","No trabaja","Alto","Favorable"
495,3.1,7,8,2,2,6,8,10,3,"Femenino","Diurna","Medio","No trabaja","Alto","Favorable"
496,3.2,14,9,6,2,5,4,5,0,"Otro","Nocturna","Medio","No trabaja","Alto","Neutral"
497,3.2,17,9,8,2,8,2,5,3,"Femenino","Nocturna","Alto","No trabaja","Alto","Neutral"
498,3.6,10,6,4,3,6,6,6,1,"Femenino","Diurna","Bajo","No trabaja","Medio","Neutral"
499,4.2,17,3,5,2,4,6,9,5,"Masculino","Diurna","Medio","No trabaja","Bajo","Favorable"
500,3.4,14,3,11,1,6,3,6,1,"Masculino","Diurna","Bajo","No trabaja","Medio","Neutral"
501,3.3,8,5,8,4,8,4,6,1,"Femenino","Nocturna","Alto","Trabaja","Medio","Neutral"
502,3.3,13,5,4,1,7,5,7,1,"Femenino","Nocturna","Medio","Trabaja","Medio","Neutral"
503,3.2,8,3,1,5,10,1,6,2,"Femenino","Diurna","Medio","Trabaja","Medio","Neutral"
504,2.6,9,9,5,0,10,1,3,3,"Femenino","Diurna","Bajo","No trabaja","Alto","Desfavorable"
505,3.9,14,2,8,4,4,5,7,4,"Femenino","Diurna","Medio","No trabaja","Medio","Neutral"
506,2.9,9,8,5,4,9,1,7,6,"Femenino","Diurna","Medio","No trabaja","Alto","Neutral"
507,3.1,11,13,8,4,10,1,5,4,"Masculino","Diurna","Medio","No trabaja","Alto","Neutral"
508,3.7,15,5,7,2,5,5,6,3,"Masculino","Diurna","Medio","No trabaja","Medio","Neutral"
509,2.7,6,5,2,4,9,3,7,3,"Masculino","Diurna","Alto","No trabaja","Alto","Neutral"
510,3.2,17,11,11,0,10,1,5,4,"Femenino","Diurna","Medio","Trabaja","Alto","Neutral"
511,3.4,19,8,8,3,8,2,7,2,"Femenino","Diurna","Bajo","Trabaja","Medio","Neutral"
512,3.1,13,7,6,2,9,1,4,0,"Femenino","Nocturna","Bajo","Trabaja","Alto","Desfavorable"
513,3.5,13,5,6,3,5,8,10,1,"Masculino","Nocturna","Bajo","Trabaja","Medio","Neutral"
514,3,9,6,5,2,10,1,4,5,"Femenino","Diurna","Bajo","No trabaja","Alto","Desfavorable"
515,3.2,13,5,2,5,5,4,6,4,"Masculino","Diurna","Medio","No trabaja","Medio","Neutral"
516,3,9,7,7,2,5,8,8,6,"Femenino","Diurna","Medio","No trabaja","Alto","Favorable"
517,3.4,12,7,8,4,7,4,8,7,"Femenino","Diurna","Medio","No trabaja","Medio","Favorable"
518,3.1,8,10,6,2,7,3,3,5,"Masculino","Diurna","Medio","No trabaja","Alto","Desfavorable"
519,3.1,14,10,6,3,10,1,4,2,"Femenino","Diurna","Medio","Trabaja","Alto","Desfavorable"
520,3.3,14,9,7,0,6,1,7,6,"Masculino","Diurna","Bajo","No trabaja","Alto","Neutral"
521,3,16,9,5,3,7,4,10,2,"Femenino","Nocturna","Medio","Trabaja","Alto","Favorable"
522,3.7,19,8,9,1,7,4,10,7,"Femenino","Diurna","Medio","No trabaja","Medio","Favorable"
523,2.7,8,8,3,3,8,5,10,2,"Femenino","Nocturna","Medio","Trabaja","Alto","Favorable"
524,3.2,15,6,10,1,10,1,8,3,"Femenino","Diurna","Bajo","No trabaja","Medio","Favorable"
525,3.3,5,9,2,4,5,8,7,3,"Masculino","Nocturna","Bajo","Trabaja","Alto","Neutral"
526,2.9,9,3,1,8,8,3,5,4,"Masculino","Diurna","Alto","No trabaja","Alto","Neutral"
527,3.9,15,2,8,5,8,4,7,4,"Masculino","Diurna","Bajo","No trabaja","Medio","Neutral"
528,2.3,8,7,2,4,9,1,5,5,"Femenino","Diurna","Bajo","Trabaja","Alto","Neutral"
529,3.4,12,4,4,1,4,8,3,1,"Otro","Diurna","Medio","Trabaja","Medio","Desfavorable"
530,2.9,7,8,6,3,8,4,8,2,"Femenino","Diurna","Alto","Trabaja","Alto","Favorable"
531,3.3,10,11,9,2,7,6,5,0,"Masculino","Nocturna","Alto","Trabaja","Alto","Neutral"
532,3.5,11,5,5,0,3,8,8,1,"Masculino","Diurna","Medio","Trabaja","Medio","Neutral"
533,2.7,9,9,7,2,6,3,3,1,"Femenino","Nocturna","Medio","Trabaja","Alto","Desfavorable"
534,3.4,3,1,0,2,4,7,1,3,"Masculino","Diurna","Medio","No trabaja","Medio","Desfavorable"
535,3,12,11,10,2,10,2,5,4,"Femenino","Diurna","Alto","Trabaja","Alto","Neutral"
536,3.9,13,5,7,1,5,7,4,6,"Masculino","Diurna","Bajo","No trabaja","Medio","Desfavorable"
537,2.6,12,13,5,3,10,3,4,2,"Femenino","Diurna","Medio","Trabaja","Alto","Desfavorable"
538,3.4,9,6,6,6,7,4,8,4,"Masculino","Diurna","Medio","No trabaja","Medio","Favorable"
539,3.1,15,15,6,4,6,7,5,2,"Masculino","Nocturna","Alto","Trabaja","Alto","Neutral"
540,3.4,15,7,7,3,7,3,7,2,"Femenino","Diurna","Alto","No trabaja","Medio","Neutral"
541,2.7,2,5,3,3,7,1,6,4,"Masculino","Diurna","Medio","No trabaja","Alto","Neutral"
542,3.7,15,10,10,2,5,6,4,1,"Femenino","Nocturna","Bajo","No trabaja","Alto","Desfavorable"
543,2.5,4,8,2,5,7,4,7,2,"Masculino","Diurna","Medio","No trabaja","Alto","Neutral"
544,3.1,10,4,5,5,6,3,9,1,"Femenino","Diurna","Medio","No trabaja","Alto","Neutral"
545,2.6,7,10,5,2,8,3,3,5,"Masculino","Diurna","Medio","Trabaja","Alto","Desfavorable"
546,2.8,8,10,7,4,6,3,8,2,"Masculino","Diurna","Alto","Trabaja","Alto","Favorable"
547,3.7,16,7,11,0,6,4,6,3,"Femenino","Diurna","Bajo","No trabaja","Medio","Neutral"
548,3.7,13,7,10,0,5,8,5,5,"Masculino","Diurna","Alto","Trabaja","Medio","Neutral"
549,3.7,13,6,8,5,6,1,8,7,"Masculino","Diurna","Medio","No trabaja","Medio","Favorable"
550,2.2,3,12,0,3,8,3,6,0,"Femenino","Nocturna","Bajo","Trabaja","Alto","Neutral"
551,3.5,12,10,8,2,7,3,8,0,"Femenino","Nocturna","Medio","No trabaja","Alto","Neutral"
552,3.6,14,7,8,4,8,2,7,3,"Femenino","Diurna","Bajo","No trabaja","Medio","Neutral"
553,3.7,14,6,6,2,6,5,7,0,"Masculino","Diurna","Medio","Trabaja","Medio","Neutral"
554,2.7,7,10,3,1,8,2,8,2,"Masculino","Diurna","Bajo","Trabaja","Alto","Favorable"
555,3.4,15,6,5,2,8,2,5,3,"Masculino","Diurna","Medio","No trabaja","Medio","Neutral"
556,2,5,11,4,0,10,1,5,2,"Masculino","Diurna","Medio","Trabaja","Alto","Neutral"
557,3.8,18,1,8,1,6,7,6,6,"Masculino","Diurna","Medio","No trabaja","Medio","Neutral"
558,3.1,8,4,1,2,6,6,8,4,"Masculino","Diurna","Bajo","No trabaja","Alto","Favorable"
559,3.1,14,8,4,0,8,1,5,4,"Masculino","Diurna","Medio","No trabaja","Alto","Neutral"
560,3.6,12,5,7,3,8,3,7,4,"Femenino","Nocturna","Bajo","Trabaja","Medio","Neutral"
561,2,7,17,2,1,9,3,2,4,"Femenino","Nocturna","Bajo","Trabaja","Alto","Desfavorable"
562,4,16,3,7,4,5,5,6,3,"Masculino","Diurna","Alto","No trabaja","Bajo","Neutral"
563,2.3,11,10,8,2,8,3,6,1,"Masculino","Nocturna","Bajo","Trabaja","Alto","Neutral"
564,4.5,14,1,6,0,6,5,7,2,"Femenino","Diurna","Bajo","No trabaja","Bajo","Neutral"
565,2.8,12,13,6,3,8,5,4,3,"Masculino","Diurna","Medio","No trabaja","Alto","Desfavorable"
566,2.5,14,10,8,2,8,2,8,0,"Masculino","Diurna","Medio","Trabaja","Alto","Neutral"
567,3.9,11,4,4,2,5,7,8,5,"Femenino","Diurna","Bajo","No trabaja","Medio","Favorable"
568,3.7,15,8,10,3,6,4,7,2,"Masculino","Nocturna","Bajo","No trabaja","Medio","Neutral"
569,3.7,10,4,7,1,5,6,8,4,"Masculino","Diurna","Bajo","No trabaja","Medio","Favorable"
570,3.5,13,4,9,2,10,1,6,1,"Masculino","Nocturna","Medio","Trabaja","Medio","Neutral"
571,3.6,13,5,6,3,5,6,9,0,"Masculino","Diurna","Medio","Trabaja","Medio","Neutral"
572,3.9,14,3,4,5,8,3,7,2,"Masculino","Diurna","Medio","No trabaja","Medio","Neutral"
573,2.5,9,12,6,0,8,2,1,2,"Masculino","Nocturna","Bajo","Trabaja","Alto","Desfavorable"
574,2.9,12,9,7,2,4,7,6,1,"Femenino","Diurna","Medio","Trabaja","Alto","Neutral"
575,3.6,9,7,10,4,6,5,7,0,"Masculino","Diurna","Bajo","Trabaja","Medio","Neutral"
576,3.7,15,6,11,0,8,4,4,0,"Masculino","Nocturna","Bajo","No trabaja","Medio","Desfavorable"
577,3.2,8,9,4,4,4,5,5,3,"Femenino","Diurna","Bajo","No trabaja","Alto","Neutral"
578,3.7,18,3,6,2,6,5,10,4,"Femenino","Diurna","Bajo","No trabaja","Medio","Favorable"
579,3.9,14,8,8,3,4,10,10,3,"Masculino","Diurna","Bajo","No trabaja","Medio","Favorable"
580,3.5,11,3,10,5,6,4,9,3,"Femenino","Diurna","Medio","No trabaja","Medio","Favorable"
581,3.3,16,10,5,4,10,1,4,3,"Masculino","Diurna","Medio","Trabaja","Alto","Desfavorable"
582,3.5,11,10,4,4,7,5,8,4,"Masculino","Diurna","Bajo","No trabaja","Alto","Favorable"
583,3.1,13,5,10,0,8,1,7,5,"Masculino","Diurna","Alto","No trabaja","Alto","Neutral"
584,3.1,13,9,10,0,9,1,8,3,"Femenino","Diurna","Bajo","Trabaja","Alto","Favorable"
585,4.1,13,0,7,3,8,5,5,2,"Masculino","Nocturna","Medio","No trabaja","Bajo","Neutral"
586,3.2,9,7,2,1,9,3,8,3,"Femenino","Diurna","Medio","No trabaja","Medio","Favorable"
587,2.7,6,7,3,2,8,1,10,2,"Femenino","Diurna","Alto","No trabaja","Alto","Favorable"
588,2.4,4,9,6,5,9,4,1,2,"Masculino","Diurna","Medio","Trabaja","Alto","Desfavorable"
589,3.1,9,10,9,2,7,6,8,2,"Otro","Diurna","Medio","No trabaja","Alto","Favorable"
590,4,14,3,7,2,6,8,9,6,"Masculino","Diurna","Bajo","No trabaja","Bajo","Favorable"
591,2.3,10,13,4,2,9,1,6,2,"Masculino","Nocturna","Medio","Trabaja","Alto","Neutral"
592,2.8,6,6,5,0,5,8,8,0,"Femenino","Nocturna","Medio","Trabaja","Alto","Neutral"
593,4.5,20,1,9,0,5,6,6,2,"Masculino","Diurna","Medio","No trabaja","Bajo","Neutral"
594,2.9,14,13,5,2,6,2,5,5,"Femenino","Diurna","Bajo","No trabaja","Alto","Neutral"
595,3.5,19,8,10,3,5,5,5,0,"Femenino","Diurna","Bajo","No trabaja","Medio","Neutral"
596,3.3,16,10,10,0,7,5,3,4,"Masculino","Diurna","Medio","Trabaja","Alto","Desfavorable"
597,3.4,9,8,5,0,6,6,8,4,"Masculino","Diurna","Medio","No trabaja","Medio","Favorable"
598,3.2,9,7,6,4,5,4,7,2,"Femenino","Diurna","Medio","Trabaja","Medio","Neutral"
599,2.7,5,12,4,4,4,7,6,0,"Masculino","Nocturna","Medio","Trabaja","Alto","Neutral"
600,2.7,14,10,8,3,10,1,5,2,"Femenino","Diurna","Bajo","No trabaja","Alto","Neutral"
601,4.3,17,1,8,4,4,8,6,2,"Femenino","Diurna","Bajo","No trabaja","Bajo","Neutral"
602,3.1,7,3,7,4,8,4,9,3,"Masculino","Diurna","Medio","No trabaja","Alto","Favorable"
603,3.4,6,4,5,1,5,9,8,1,"Femenino","Diurna","Bajo","No trabaja","Medio","Neutral"
604,3.2,15,11,6,4,9,2,5,1,"Femenino","Nocturna","Alto","Trabaja","Alto","Neutral"
605,3.5,5,2,5,1,7,5,5,0,"Femenino","Nocturna","Bajo","Trabaja","Medio","Neutral"
606,3.1,19,8,11,1,8,2,4,3,"Masculino","Diurna","Bajo","Trabaja","Alto","Desfavorable"
607,4.1,13,3,6,3,2,8,6,3,"Femenino","Nocturna","Medio","No trabaja","Bajo","Neutral"
608,2.9,4,5,0,3,6,6,8,4,"Masculino","Diurna","Bajo","No trabaja","Alto","Favorable"
609,3.7,12,3,9,3,7,5,9,4,"Femenino","Diurna","Medio","Trabaja","Medio","Favorable"
610,2.2,11,10,4,4,10,1,4,4,"Femenino","Diurna","Medio","No trabaja","Alto","Desfavorable"
611,3.6,1,5,2,1,5,7,5,3,"Masculino","Diurna","Medio","No trabaja","Medio","Neutral"
612,3.2,11,8,9,0,6,5,6,1,"Femenino","Nocturna","Bajo","Trabaja","Medio","Neutral"
613,3.2,9,10,1,0,3,9,4,6,"Femenino","Diurna","Bajo","No trabaja","Alto","Desfavorable"
614,3.1,7,6,2,4,7,4,7,4,"Otro","Nocturna","Bajo","Trabaja","Alto","Neutral"
615,3.1,12,4,5,1,8,1,8,2,"Masculino","Nocturna","Medio","Trabaja","Alto","Favorable"
616,3.5,14,4,4,3,6,2,2,2,"Masculino","Diurna","Medio","No trabaja","Medio","Desfavorable"
617,4,18,4,11,4,5,4,7,4,"Masculino","Diurna","Bajo","No trabaja","Bajo","Neutral"
618,2.5,0,7,5,2,7,6,9,5,"Masculino","Diurna","Medio","No trabaja","Alto","Favorable"
619,3.9,14,5,8,4,4,5,6,2,"Otro","Diurna","Medio","No trabaja","Medio","Neutral"
620,3,7,4,4,2,8,4,6,4,"Femenino","Diurna","Alto","Trabaja","Alto","Neutral"
621,3.7,16,5,7,3,8,4,7,1,"Masculino","Diurna","Alto","No trabaja","Medio","Neutral"
622,3.2,12,8,5,2,6,5,8,3,"Masculino","Diurna","Bajo","No trabaja","Medio","Favorable"
623,3.6,17,2,7,1,5,6,8,6,"Masculino","Diurna","Bajo","No trabaja","Medio","Favorable"
624,2.6,5,12,5,5,7,5,2,1,"Femenino","Nocturna","Medio","Trabaja","Alto","Desfavorable"
625,3.3,13,8,8,4,7,6,6,5,"Femenino","Diurna","Medio","No trabaja","Medio","Neutral"
626,3.3,12,12,5,1,4,7,6,2,"Femenino","Nocturna","Medio","No trabaja","Alto","Neutral"
627,4.2,15,5,8,2,4,7,9,2,"Femenino","Diurna","Bajo","No trabaja","Medio","Favorable"
628,3.4,10,7,1,7,3,7,8,6,"Masculino","Diurna","Bajo","No trabaja","Medio","Favorable"
629,4.3,16,3,8,1,5,7,8,4,"Femenino","Diurna","Bajo","No trabaja","Bajo","Favorable"
630,3,9,8,3,2,7,4,9,1,"Femenino","Nocturna","Bajo","Trabaja","Alto","Neutral"
631,3.1,9,6,7,5,7,6,4,0,"Masculino","Nocturna","Medio","Trabaja","Alto","Desfavorable"
632,2.8,11,9,8,0,7,2,7,4,"Masculino","Diurna","Medio","No trabaja","Alto","Neutral"
633,3.9,7,2,0,7,2,8,8,3,"Femenino","Diurna","Bajo","No trabaja","Medio","Favorable"
634,3.4,9,8,7,1,3,8,5,5,"Masculino","Diurna","Medio","No trabaja","Medio","Neutral"
635,4,15,5,6,1,5,7,3,4,"Femenino","Nocturna","Bajo","No trabaja","Medio","Desfavorable"
636,3.6,18,6,8,2,8,4,6,4,"Femenino","Nocturna","Bajo","Trabaja","Medio","Neutral"
637,3,15,10,9,4,7,4,7,4,"Masculino","Diurna","Alto","No trabaja","Alto","Neutral"
638,3.4,9,6,7,8,4,7,6,4,"Masculino","Diurna","Medio","No trabaja","Medio","Neutral"
639,2.8,12,7,5,3,8,1,8,3,"Masculino","Diurna","Medio","No trabaja","Alto","Favorable"
640,2.5,11,10,6,3,8,6,3,0,"Femenino","Nocturna","Medio","Trabaja","Alto","Desfavorable"
641,2.8,6,8,3,0,5,6,10,0,"Masculino","Diurna","Bajo","No trabaja","Alto","Neutral"
642,2.3,12,13,9,2,9,2,6,0,"Masculino","Nocturna","Alto","Trabaja","Alto","Neutral"
643,2.6,8,7,2,0,8,2,9,3,"Masculino","Nocturna","Bajo","No trabaja","Alto","Favorable"
644,2.1,7,13,6,2,9,1,6,4,"Femenino","Nocturna","Bajo","Trabaja","Alto","Neutral"
645,4.3,14,0,10,5,5,7,8,2,"Femenino","Diurna","Alto","No trabaja","Bajo","Favorable"
646,2.8,8,9,0,2,5,3,7,3,"Masculino","Nocturna","Medio","No trabaja","Alto","Neutral"
647,2.5,10,10,7,2,10,1,7,1,"Masculino","Nocturna","Alto","Trabaja","Alto","Neutral"
648,2.5,7,10,4,3,6,5,8,2,"Femenino","Nocturna","Bajo","Trabaja","Alto","Favorable"
649,3.3,11,6,6,2,5,4,7,6,"Femenino","Diurna","Medio","No trabaja","Medio","Neutral"
650,3.4,13,7,6,2,9,4,10,1,"Masculino","Diurna","Bajo","Trabaja","Medio","Neutral"
651,3.6,13,6,8,0,6,4,5,0,"Masculino","Diurna","Medio","Trabaja","Medio","Neutral"
652,2.8,7,12,6,2,7,5,4,1,"Masculino","Nocturna","Alto","Trabaja","Alto","Desfavorable"
653,3.6,16,5,9,2,7,1,10,5,"Femenino","Diurna","Alto","No trabaja","Medio","Favorable"
654,2.6,17,12,8,3,10,1,4,4,"Masculino","Diurna","Bajo","Trabaja","Alto","Desfavorable"
655,3.5,12,7,5,3,5,6,10,3,"Masculino","Diurna","Bajo","Trabaja","Medio","Favorable"
656,3.3,12,3,6,1,7,2,8,3,"Masculino","Diurna","Medio","No trabaja","Medio","Favorable"
657,3,11,10,5,4,7,5,5,8,"Masculino","Diurna","Bajo","No trabaja","Alto","Neutral"
658,3.1,12,9,7,4,10,1,5,3,"Femenino","Nocturna","Medio","Trabaja","Alto","Neutral"
659,2.7,13,12,5,0,10,1,4,2,"Masculino","Diurna","Bajo","Trabaja","Alto","Desfavorable"
660,3.5,12,5,7,3,7,4,7,2,"Femenino","Nocturna","Medio","Trabaja","Medio","Neutral"
661,3.4,14,10,5,1,6,5,5,3,"Masculino","Nocturna","Bajo","Trabaja","Alto","Neutral"
662,3.6,10,7,3,1,4,8,5,3,"Masculino","Diurna","Bajo","Trabaja","Medio","Neutral"
663,3,16,12,8,3,5,6,7,4,"Femenino","Diurna","Medio","No trabaja","Alto","Neutral"
664,3,11,12,7,4,7,6,5,3,"Masculino","Diurna","Bajo","Trabaja","Alto","Neutral"
665,2.7,4,11,5,3,6,4,6,2,"Femenino","Nocturna","Bajo","Trabaja","Alto","Neutral"
666,3.3,11,4,7,1,6,6,6,3,"Femenino","Diurna","Medio","No trabaja","Medio","Neutral"
667,2.8,13,12,7,4,7,4,7,1,"Masculino","Nocturna","Bajo","Trabaja","Alto","Neutral"
668,2.7,16,8,9,4,10,4,4,5,"Femenino","Diurna","Medio","No trabaja","Alto","Desfavorable"
669,3.5,11,2,4,0,8,3,7,3,"Masculino","Diurna","Medio","No trabaja","Medio","Neutral"
670,2.1,3,12,1,3,9,2,4,4,"Femenino","Diurna","Bajo","Trabaja","Alto","Desfavorable"
671,2.6,11,11,3,0,7,3,6,1,"Femenino","Diurna","Bajo","Trabaja","Alto","Neutral"
672,2.6,6,5,4,5,10,1,5,5,"Masculino","Diurna","Bajo","No trabaja","Alto","Neutral"
673,2.1,7,13,6,3,6,2,6,6,"Femenino","Diurna","Medio","No trabaja","Alto","Neutral"
674,3,7,10,6,5,7,4,7,2,"Femenino","Nocturna","Bajo","No trabaja","Alto","Neutral"
675,3.2,8,6,8,3,3,8,5,0,"Femenino","Diurna","Bajo","Trabaja","Medio","Neutral"
676,3.3,16,9,8,2,9,1,4,4,"Masculino","Diurna","Bajo","No trabaja","Alto","Desfavorable"
677,2.7,8,9,5,4,8,4,5,3,"Masculino","Diurna","Bajo","Trabaja","Alto","Neutral"
678,3.7,9,5,4,0,4,9,4,1,"Femenino","Diurna","Alto","No trabaja","Medio","Desfavorable"
679,3.8,12,0,7,0,6,8,7,4,"Femenino","Diurna","Bajo","No trabaja","Medio","Neutral"
680,3.6,15,5,7,1,8,1,9,1,"Femenino","Diurna","Bajo","No trabaja","Medio","Neutral"
681,3.2,8,6,4,3,6,6,6,2,"Masculino","Diurna","Bajo","No trabaja","Medio","Neutral"
682,2.8,8,10,3,1,9,3,5,5,"Masculino","Diurna","Bajo","Trabaja","Alto","Neutral"
683,2.7,9,10,3,1,10,2,3,2,"Masculino","Nocturna","Alto","Trabaja","Alto","Desfavorable"
684,3.1,6,9,2,4,6,7,5,3,"Masculino","Diurna","Alto","Trabaja","Alto","Neutral"
685,3.2,15,11,10,1,7,4,7,0,"Masculino","Diurna","Bajo","No trabaja","Alto","Neutral"
686,2.8,2,6,3,5,7,4,8,4,"Masculino","Diurna","Medio","No trabaja","Alto","Favorable"
687,3.4,9,5,4,1,4,9,7,1,"Masculino","Diurna","Bajo","Trabaja","Medio","Neutral"
688,2.1,5,6,1,2,9,1,6,3,"Femenino","Diurna","Alto","Trabaja","Alto","Neutral"
689,3.3,3,6,3,1,4,8,5,2,"Femenino","Nocturna","Bajo","No trabaja","Medio","Neutral"
690,3.1,11,7,5,1,8,2,6,2,"Femenino","Nocturna","Alto","Trabaja","Alto","Neutral"
691,3.9,17,0,8,0,6,4,8,3,"Femenino","Diurna","Bajo","No trabaja","Medio","Favorable"
692,3.4,18,8,8,3,5,5,6,3,"Masculino","Diurna","Bajo","No trabaja","Medio","Neutral"
693,3.1,9,8,7,4,6,6,9,3,"Masculino","Diurna","Bajo","No trabaja","Alto","Favorable"
694,2.5,8,7,5,3,7,4,7,1,"Femenino","Nocturna","Medio","Trabaja","Alto","Neutral"
695,2.9,9,10,5,5,10,2,3,0,"Femenino","Nocturna","Medio","Trabaja","Alto","Desfavorable"
696,3.6,14,8,12,0,4,10,6,2,"Masculino","Nocturna","Alto","Trabaja","Medio","Neutral"
697,2.3,1,8,5,1,10,1,5,0,"Femenino","Nocturna","Bajo","Trabaja","Alto","Neutral"
698,3.2,12,10,6,3,7,6,4,1,"Femenino","Diurna","Medio","Trabaja","Alto","Desfavorable"
699,2.9,9,7,4,3,5,7,5,3,"Femenino","Diurna","Medio","No trabaja","Alto","Neutral"
700,3.9,8,4,7,3,4,7,6,3,"Femenino","Diurna","Alto","No trabaja","Medio","Neutral"
701,2.9,3,7,1,6,9,1,5,2,"Masculino","Nocturna","Bajo","Trabaja","Alto","Neutral"
702,3.1,10,8,5,5,3,10,7,1,"Femenino","Diurna","Medio","No trabaja","Alto","Neutral"
703,2.5,4,5,5,0,7,2,4,3,"Femenino","Diurna","Bajo","Trabaja","Alto","Desfavorable"
704,3.3,11,7,5,1,6,4,5,3,"Masculino","Nocturna","Medio","Trabaja","Medio","Neutral"
705,3.1,7,11,4,0,5,8,8,1,"Femenino","Nocturna","Bajo","No trabaja","Alto","Neutral"
706,2.2,11,9,7,0,8,1,4,2,"Masculino","Nocturna","Alto","Trabaja","Alto","Desfavorable"
707,4.2,13,5,7,3,6,6,7,5,"Masculino","Diurna","Medio","No trabaja","Medio","Neutral"
708,3.3,9,2,5,3,5,4,8,4,"Femenino","Diurna","Alto","No trabaja","Medio","Favorable"
709,2.9,7,9,4,1,6,6,6,1,"Femenino","Nocturna","Medio","No trabaja","Alto","Neutral"
710,3.4,9,4,6,3,7,7,9,3,"Femenino","Diurna","Bajo","No trabaja","Medio","Favorable"
711,3,8,6,6,1,7,4,8,4,"Masculino","Diurna","Alto","No trabaja","Alto","Favorable"
712,2.2,5,10,6,3,10,2,9,1,"Masculino","Diurna","Medio","No trabaja","Alto","Neutral"
713,3.2,8,7,4,2,5,7,9,1,"Masculino","Diurna","Medio","Trabaja","Medio","Neutral"
714,3.2,10,12,8,2,6,4,9,2,"Masculino","Nocturna","Bajo","Trabaja","Alto","Favorable"
715,3.7,10,5,3,0,5,5,7,4,"Femenino","Diurna","Bajo","Trabaja","Medio","Neutral"
716,3.3,12,4,5,1,5,5,5,2,"Femenino","Nocturna","Alto","Trabaja","Medio","Neutral"
717,3.1,16,7,5,3,10,2,8,3,"Femenino","Diurna","Bajo","No trabaja","Alto","Favorable"
718,3.6,12,12,7,1,3,6,5,2,"Femenino","Diurna","Bajo","Trabaja","Alto","Neutral"
719,4.2,17,7,9,2,4,7,8,4,"Otro","Nocturna","Medio","Trabaja","Medio","Favorable"
720,3.2,8,5,2,0,4,8,10,3,"Femenino","Diurna","Medio","No trabaja","Medio","Favorable"
721,3.7,16,10,8,1,7,3,7,3,"Femenino","Nocturna","Alto","No trabaja","Alto","Neutral"
722,3.3,13,5,5,2,6,5,4,2,"Masculino","Diurna","Bajo","No trabaja","Medio","Desfavorable"
723,2.9,6,3,5,1,8,3,9,2,"Masculino","Diurna","Medio","No trabaja","Alto","Favorable"
724,3.2,13,6,3,2,10,1,7,2,"Masculino","Diurna","Alto","Trabaja","Medio","Neutral"
725,3.2,6,5,6,1,4,7,7,4,"Masculino","Diurna","Alto","No trabaja","Medio","Neutral"
726,3.1,15,4,7,4,7,2,6,3,"Masculino","Nocturna","Alto","Trabaja","Alto","Neutral"
727,3,9,8,3,6,3,8,7,4,"Masculino","Diurna","Medio","No trabaja","Alto","Neutral"
728,3.2,10,8,5,1,8,4,4,4,"Masculino","Diurna","Bajo","No trabaja","Medio","Desfavorable"
729,2.4,8,9,4,3,5,7,2,3,"Masculino","Diurna","Bajo","No trabaja","Alto","Desfavorable"
730,2.7,8,11,4,5,8,2,4,4,"Femenino","Diurna","Bajo","No trabaja","Alto","Desfavorable"
731,3.1,18,10,5,2,5,4,6,0,"Femenino","Nocturna","Bajo","No trabaja","Alto","Neutral"
732,3.3,15,10,6,1,7,7,4,4,"Masculino","Diurna","Medio","No trabaja","Alto","Desfavorable"
733,3.5,14,5,7,3,6,2,3,3,"Masculino","Diurna","Alto","No trabaja","Medio","Desfavorable"
734,3.2,11,12,3,0,6,3,7,1,"Masculino","Nocturna","Bajo","Trabaja","Alto","Neutral"
735,3.3,14,5,8,2,8,3,5,0,"Femenino","Nocturna","Medio","Trabaja","Medio","Neutral"
736,2.7,14,10,10,1,10,1,5,5,"Femenino","Diurna","Medio","Trabaja","Alto","Neutral"
737,3.2,17,13,10,0,8,2,1,1,"Masculino","Diurna","Medio","Trabaja","Alto","Desfavorable"
738,2.6,14,15,5,3,7,2,7,1,"Otro","Nocturna","Medio","Trabaja","Alto","Neutral"
739,3.4,10,8,4,2,5,6,5,1,"Femenino","Nocturna","Medio","No trabaja","Medio","Neutral"
740,3,10,11,5,6,7,2,8,1,"Femenino","Nocturna","Medio","Trabaja","Alto","Neutral"
741,3,9,5,6,0,7,3,7,3,"Otro","Diurna","Bajo","Trabaja","Alto","Neutral"
742,3.7,10,4,5,3,5,7,7,0,"Femenino","Nocturna","Bajo","Trabaja","Medio","Neutral"
743,2.8,10,8,4,1,10,3,7,2,"Femenino","Diurna","Bajo","Trabaja","Alto","Neutral"
744,3.7,16,7,5,2,7,6,7,3,"Masculino","Diurna","Bajo","No trabaja","Medio","Neutral"
745,2.6,2,6,4,1,8,4,7,2,"Femenino","Diurna","Alto","No trabaja","Alto","Neutral"
746,3.2,8,6,3,3,10,1,9,2,"Masculino","Diurna","Medio","Trabaja","Medio","Favorable"
747,3.6,10,5,6,5,5,3,8,2,"Masculino","Nocturna","Bajo","Trabaja","Medio","Favorable"
748,2.5,6,12,4,4,6,3,6,2,"Femenino","Nocturna","Bajo","Trabaja","Alto","Neutral"
749,2.4,17,12,9,1,9,3,5,1,"Masculino","Nocturna","Bajo","Trabaja","Alto","Neutral"
750,3.6,10,6,8,5,5,3,5,7,"Masculino","Diurna","Medio","No trabaja","Medio","Neutral"
751,2.5,7,12,2,3,8,4,5,2,"Femenino","Nocturna","Medio","No trabaja","Alto","Neutral"
752,2.4,7,9,6,3,8,3,2,0,"Femenino","Nocturna","Bajo","Trabaja","Alto","Desfavorable"
753,3.2,14,10,8,2,8,6,3,1,"Femenino","Nocturna","Bajo","No trabaja","Alto","Desfavorable"
754,4.2,18,4,8,2,3,8,10,5,"Femenino","Diurna","Medio","No trabaja","Bajo","Favorable"
755,2.6,11,11,6,2,9,1,2,0,"Masculino","Nocturna","Bajo","Trabaja","Alto","Desfavorable"
756,3.9,11,8,7,0,2,10,10,3,"Femenino","Diurna","Bajo","No trabaja","Medio","Favorable"
757,2.5,7,10,6,5,8,5,6,1,"Femenino","Nocturna","Bajo","Trabaja","Alto","Neutral"
758,3.3,16,9,4,3,8,2,8,3,"Masculino","Diurna","Alto","No trabaja","Alto","Favorable"
759,3.2,14,8,10,2,5,6,8,5,"Femenino","Diurna","Medio","Trabaja","Medio","Favorable"
760,2.8,2,3,0,5,10,2,6,0,"Femenino","Nocturna","Medio","Trabaja","Alto","Neutral"
761,3.3,8,5,1,0,6,5,10,4,"Masculino","Diurna","Medio","No trabaja","Medio","Favorable"
762,2.7,10,10,7,4,5,6,6,2,"Femenino","Diurna","Bajo","Trabaja","Alto","Neutral"
763,3.2,7,0,1,3,9,2,5,6,"Masculino","Diurna","Medio","No trabaja","Medio","Neutral"
764,3.6,10,3,5,3,8,6,5,3,"Femenino","Diurna","Bajo","Trabaja","Medio","Neutral"
765,3.3,6,8,1,2,6,7,6,4,"Masculino","Diurna","Medio","Trabaja","Medio","Neutral"
766,3.5,12,7,3,1,7,7,8,3,"Femenino","Nocturna","Bajo","No trabaja","Medio","Favorable"
767,2.9,12,13,5,1,5,5,7,0,"Femenino","Nocturna","Medio","Trabaja","Alto","Neutral"
768,3.8,14,8,8,4,7,3,7,3,"Femenino","Diurna","Bajo","Trabaja","Medio","Neutral"
769,2.7,13,11,7,4,9,2,2,0,"Masculino","Nocturna","Medio","Trabaja","Alto","Desfavorable"
770,3.5,17,10,7,5,2,10,4,0,"Masculino","Nocturna","Medio","Trabaja","Alto","Desfavorable"
771,2.8,9,10,5,2,7,7,2,4,"Masculino","Diurna","Bajo","Trabaja","Alto","Desfavorable"
772,2.7,2,11,3,1,7,5,4,3,"Masculino","Diurna","Bajo","Trabaja","Alto","Desfavorable"
773,3.2,11,4,6,5,8,3,9,0,"Masculino","Diurna","Bajo","Trabaja","Medio","Neutral"
774,3.6,14,4,6,0,8,3,9,3,"Masculino","Diurna","Bajo","No trabaja","Medio","Favorable"
775,3.3,9,9,6,2,7,3,5,5,"Femenino","Diurna","Medio","No trabaja","Alto","Neutral"
776,4.1,17,1,6,3,5,6,9,3,"Femenino","Diurna","Alto","Trabaja","Bajo","Favorable"
777,3.7,15,0,8,0,7,3,7,2,"Femenino","Diurna","Medio","Trabaja","Medio","Neutral"
778,3.5,13,6,6,0,4,7,7,2,"Femenino","Diurna","Bajo","No trabaja","Medio","Neutral"
779,4.2,11,6,5,3,4,6,9,3,"Masculino","Diurna","Bajo","No trabaja","Medio","Favorable"
780,3.2,9,7,7,5,2,7,7,4,"Masculino","Diurna","Bajo","Trabaja","Medio","Neutral"
781,3.1,10,9,5,1,6,5,8,3,"Femenino","Diurna","Bajo","No trabaja","Alto","Favorable"
782,3.3,13,10,5,1,8,4,6,5,"Masculino","Diurna","Medio","No trabaja","Alto","Neutral"
783,2.8,15,10,5,1,8,3,3,3,"Femenino","Nocturna","Bajo","No trabaja","Alto","Desfavorable"
784,3.6,10,5,7,5,4,7,8,3,"Masculino","Diurna","Alto","No trabaja","Medio","Favorable"
785,3.3,8,8,0,1,6,5,7,0,"Masculino","Diurna","Alto","Trabaja","Medio","Neutral"
786,3.7,21,7,9,1,8,4,5,2,"Femenino","Diurna","Medio","No trabaja","Medio","Neutral"
787,3.3,13,3,7,1,8,4,6,2,"Femenino","Nocturna","Alto","Trabaja","Medio","Neutral"
788,3.2,7,3,2,2,7,4,7,6,"Femenino","Diurna","Bajo","No trabaja","Medio","Neutral"
789,3.3,15,10,7,1,7,3,7,4,"Femenino","Diurna","Medio","Trabaja","Alto","Neutral"
790,2.8,11,10,7,3,8,3,5,0,"Masculino","Nocturna","Alto","Trabaja","Alto","Neutral"
791,4.1,14,2,3,3,4,5,7,4,"Masculino","Diurna","Bajo","No trabaja","Bajo","Neutral"
792,3,11,10,4,3,7,6,4,3,"Masculino","Diurna","Medio","No trabaja","Alto","Desfavorable"
793,3.1,11,7,9,1,7,5,7,3,"Femenino","Diurna","Medio","No trabaja","Alto","Neutral"
794,3.9,11,5,5,4,6,7,7,1,"Femenino","Nocturna","Medio","No trabaja","Medio","Neutral"
795,3.2,13,6,5,0,6,7,6,2,"Masculino","Diurna","Alto","No trabaja","Medio","Neutral"
796,3.6,9,8,3,4,2,10,6,4,"Femenino","Diurna","Bajo","Trabaja","Medio","Neutral"
797,3,8,5,4,3,7,3,7,6,"Femenino","Diurna","Medio","No trabaja","Alto","Neutral"
798,3.3,10,6,6,1,5,6,7,3,"Femenino","Nocturna","Medio","No trabaja","Medio","Neutral"
799,3.3,12,8,5,3,4,5,8,1,"Femenino","Diurna","Bajo","Trabaja","Medio","Neutral"
800,3,10,8,6,0,5,6,10,3,"Femenino","Diurna","Alto","No trabaja","Alto","Favorable"
801,2.8,12,11,8,1,8,5,5,6,"Femenino","Diurna","Bajo","Trabaja","Alto","Neutral"
802,2.6,7,11,5,3,6,5,6,1,"Femenino","Nocturna","Medio","Trabaja","Alto","Neutral"
803,2.8,5,11,5,0,7,4,10,2,"Femenino","Diurna","Bajo","No trabaja","Alto","Favorable"
804,4.1,19,8,7,2,4,6,6,3,"Femenino","Diurna","Bajo","No trabaja","Medio","Neutral"
805,3.8,13,7,6,2,4,9,6,7,"Femenino","Diurna","Medio","No trabaja","Medio","Neutral"
806,2.8,9,11,6,2,10,2,6,3,"Masculino","Diurna","Medio","Trabaja","Alto","Neutral"
807,3.5,10,7,6,0,8,2,6,2,"Femenino","Nocturna","Bajo","No trabaja","Medio","Neutral"
808,4.3,14,8,7,4,3,8,8,5,"Femenino","Diurna","Alto","No trabaja","Medio","Favorable"
809,2.4,10,15,6,0,8,5,6,0,"Masculino","Nocturna","Medio","Trabaja","Alto","Neutral"
810,3,12,5,7,0,6,5,10,3,"Masculino","Diurna","Alto","No trabaja","Alto","Favorable"
811,3.2,10,9,5,1,6,5,8,5,"Femenino","Diurna","Alto","No trabaja","Alto","Favorable"
812,2.6,9,8,3,5,9,1,8,1,"Masculino","Diurna","Bajo","Trabaja","Alto","Neutral"
813,3.2,13,7,7,2,10,3,7,1,"Femenino","Nocturna","Medio","Trabaja","Medio","Neutral"
814,2.9,12,9,5,3,6,5,5,4,"Masculino","Diurna","Medio","No trabaja","Alto","Neutral"
815,3.7,16,7,10,2,8,7,6,2,"Masculino","Diurna","Alto","No trabaja","Medio","Neutral"
816,2.5,6,5,3,3,8,1,4,1,"Femenino","Diurna","Bajo","No trabaja","Alto","Desfavorable"
817,3.2,10,11,6,3,8,3,6,3,"Femenino","Diurna","Bajo","No trabaja","Alto","Neutral"
818,3.4,10,0,2,3,7,5,8,7,"Femenino","Diurna","Alto","No trabaja","Medio","Favorable"
819,3,7,8,3,5,9,2,8,1,"Masculino","Diurna","Bajo","Trabaja","Alto","Neutral"
820,3.5,15,5,6,1,6,8,5,2,"Masculino","Diurna","Medio","No trabaja","Medio","Neutral"
821,3.7,11,7,8,2,2,9,7,2,"Masculino","Nocturna","Medio","No trabaja","Medio","Neutral"
822,2.5,5,8,3,4,8,1,4,4,"Femenino","Diurna","Bajo","Trabaja","Alto","Desfavorable"
823,3.1,9,12,5,4,4,6,6,2,"Masculino","Diurna","Medio","No trabaja","Alto","Neutral"
824,3.6,7,3,5,2,6,5,7,2,"Otro","Nocturna","Alto","Trabaja","Medio","Neutral"
825,3.5,15,11,6,3,8,3,6,2,"Masculino","Diurna","Bajo","Trabaja","Alto","Neutral"
826,4.2,21,7,10,1,3,8,8,0,"Femenino","Nocturna","Bajo","Trabaja","Medio","Neutral"
827,2.7,8,9,8,2,7,6,5,4,"Femenino","Diurna","Medio","No trabaja","Alto","Neutral"
828,2.7,11,8,7,4,9,1,6,2,"Femenino","Nocturna","Bajo","Trabaja","Alto","Neutral"
829,3.3,12,12,8,0,7,3,4,1,"Femenino","Nocturna","Medio","Trabaja","Alto","Desfavorable"
830,4.1,22,8,8,3,4,7,8,1,"Masculino","Nocturna","Bajo","Trabaja","Medio","Neutral"
831,2.8,2,5,3,4,5,4,8,1,"Femenino","Nocturna","Medio","No trabaja","Alto","Neutral"
832,3.7,9,2,6,2,5,6,5,3,"Masculino","Diurna","Medio","No trabaja","Medio","Neutral"
833,2.5,6,6,3,4,8,3,7,1,"Femenino","Nocturna","Medio","Trabaja","Alto","Neutral"
834,3.3,10,5,6,1,5,4,9,6,"Masculino","Diurna","Medio","No trabaja","Medio","Favorable"
835,3.1,10,6,9,3,5,4,8,2,"Masculino","Diurna","Medio","No trabaja","Alto","Favorable"
836,2,8,10,3,2,9,2,7,1,"Masculino","Diurna","Bajo","Trabaja","Alto","Neutral"
837,3.7,18,6,9,2,7,3,5,4,"Masculino","Diurna","Medio","No trabaja","Medio","Neutral"
838,2.8,12,10,4,0,9,3,3,2,"Masculino","Diurna","Medio","No trabaja","Alto","Desfavorable"
839,4,21,3,10,2,8,2,8,0,"Femenino","Nocturna","Medio","No trabaja","Bajo","Neutral"
840,3.3,14,11,5,1,7,4,7,1,"Femenino","Nocturna","Medio","Trabaja","Alto","Neutral"
841,2.6,6,9,5,2,9,3,4,3,"Masculino","Diurna","Bajo","No trabaja","Alto","Desfavorable"
842,3.5,8,8,2,4,3,7,8,4,"Masculino","Diurna","Bajo","No trabaja","Medio","Favorable"
843,3,12,8,6,1,7,5,10,2,"Masculino","Diurna","Alto","Trabaja","Alto","Favorable"
844,3.4,9,7,8,2,3,8,7,0,"Femenino","Nocturna","Medio","Trabaja","Medio","Neutral"
845,3.5,12,2,6,2,7,7,6,7,"Masculino","Diurna","Medio","No trabaja","Medio","Neutral"
846,4.1,14,3,7,2,5,6,6,2,"Femenino","Diurna","Medio","Trabaja","Bajo","Neutral"
847,3.4,13,8,9,4,6,2,5,7,"Masculino","Diurna","Medio","No trabaja","Medio","Neutral"
848,3,10,5,10,2,7,6,7,2,"Femenino","Diurna","Bajo","No trabaja","Alto","Neutral"
849,3.6,8,4,10,2,4,7,8,2,"Femenino","Nocturna","Bajo","Trabaja","Medio","Favorable"
850,2.6,6,10,3,1,10,3,5,2,"Femenino","Diurna","Bajo","Trabaja","Alto","Neutral"
851,3,12,9,4,2,9,1,6,4,"Femenino","Nocturna","Alto","No trabaja","Alto","Neutral"
852,4.3,15,3,9,1,8,7,6,0,"Masculino","Nocturna","Bajo","Trabaja","Bajo","Neutral"
853,2.9,11,12,7,3,5,8,7,4,"Otro","Diurna","Medio","No trabaja","Alto","Neutral"
854,3.5,14,10,9,4,4,7,5,4,"Masculino","Diurna","Bajo","No trabaja","Alto","Neutral"
855,4.7,20,2,9,1,3,10,7,3,"Masculino","Diurna","Medio","No trabaja","Bajo","Neutral"
856,4,19,4,9,0,5,6,7,3,"Femenino","Diurna","Bajo","No trabaja","Bajo","Neutral"
857,3.1,9,8,8,1,6,8,9,2,"Masculino","Nocturna","Medio","No trabaja","Alto","Favorable"
858,3.3,13,7,7,1,7,3,3,1,"Femenino","Diurna","Alto","No trabaja","Medio","Desfavorable"
859,3.5,8,2,6,4,8,3,10,3,"Femenino","Diurna","Bajo","No trabaja","Medio","Favorable"
860,3.3,14,5,8,2,5,4,6,2,"Masculino","Nocturna","Medio","No trabaja","Medio","Neutral"
861,2.4,11,15,6,5,9,2,7,4,"Femenino","Diurna","Medio","No trabaja","Alto","Neutral"
862,3.1,12,9,5,3,6,4,6,1,"Femenino","Diurna","Bajo","No trabaja","Alto","Neutral"
863,3,8,12,4,0,5,9,5,4,"Masculino","Diurna","Bajo","Trabaja","Alto","Neutral"
864,3.8,16,7,4,3,8,3,6,1,"Femenino","Nocturna","Bajo","Trabaja","Medio","Neutral"
865,2.8,11,7,8,1,8,2,2,1,"Masculino","Diurna","Medio","Trabaja","Alto","Desfavorable"
866,3.5,9,2,2,2,6,7,10,6,"Femenino","Diurna","Medio","No trabaja","Medio","Favorable"
867,2.7,11,7,5,2,7,1,7,3,"Femenino","Diurna","Medio","No trabaja","Alto","Neutral"
868,2.9,11,7,5,2,9,4,7,0,"Femenino","Nocturna","Alto","No trabaja","Alto","Neutral"
869,3,18,15,11,2,7,3,5,5,"Masculino","Diurna","Bajo","Trabaja","Alto","Neutral"
870,2.7,7,7,5,6,9,2,5,2,"Masculino","Diurna","Bajo","Trabaja","Alto","Neutral"
871,3.8,21,6,11,5,5,4,9,4,"Femenino","Diurna","Medio","No trabaja","Medio","Favorable"
872,3.2,8,4,4,1,9,3,7,5,"Femenino","Nocturna","Bajo","No trabaja","Medio","Neutral"
873,3.4,12,7,10,3,6,6,9,5,"Masculino","Diurna","Bajo","No trabaja","Medio","Favorable"
874,2.9,3,4,4,5,6,6,6,4,"Masculino","Diurna","Bajo","No trabaja","Alto","Neutral"
875,2.7,8,5,6,4,8,2,4,3,"Masculino","Diurna","Medio","Trabaja","Alto","Desfavorable"
876,3.3,14,9,9,1,9,3,4,1,"Masculino","Nocturna","Alto","Trabaja","Alto","Desfavorable"
877,3.1,13,3,4,5,9,2,9,5,"Femenino","Diurna","Bajo","No trabaja","Alto","Favorable"
878,3.6,13,5,7,1,8,3,3,3,"Masculino","Diurna","Bajo","Trabaja","Medio","Desfavorable"
879,2.5,9,11,6,2,10,1,8,0,"Masculino","Nocturna","Bajo","Trabaja","Alto","Neutral"
880,2.6,4,11,2,3,9,6,4,2,"Masculino","Diurna","Alto","Trabaja","Alto","Desfavorable"
881,2.3,7,10,4,0,6,2,3,3,"Femenino","Nocturna","Medio","No trabaja","Alto","Desfavorable"
882,3,10,6,4,2,9,3,4,2,"Masculino","Diurna","Medio","No trabaja","Alto","Desfavorable"
883,3.8,13,6,7,0,4,10,8,5,"Masculino","Diurna","Alto","No trabaja","Medio","Favorable"
884,3.7,14,6,3,0,9,1,5,4,"Femenino","Diurna","Medio","Trabaja","Medio","Neutral"
885,3.2,10,9,6,3,6,2,1,1,"Masculino","Diurna","Bajo","Trabaja","Alto","Desfavorable"
886,2.4,10,12,4,3,10,1,4,3,"Masculino","Nocturna","Alto","Trabaja","Alto","Desfavorable"
887,4,10,3,7,4,6,5,10,3,"Femenino","Diurna","Medio","No trabaja","Bajo","Favorable"
888,2.8,11,9,2,3,7,6,5,6,"Femenino","Diurna","Bajo","No trabaja","Alto","Neutral"
889,3.6,17,4,8,1,10,2,9,4,"Femenino","Diurna","Medio","No trabaja","Medio","Favorable"
890,3.4,8,7,4,1,4,7,6,1,"Femenino","Diurna","Alto","No trabaja","Medio","Neutral"
891,3.4,10,4,7,4,9,1,7,4,"Masculino","Diurna","Bajo","Trabaja","Medio","Neutral"
892,3.1,11,10,3,5,7,3,5,0,"Masculino","Nocturna","Alto","Trabaja","Alto","Neutral"
893,2.7,6,10,3,4,7,4,8,3,"Masculino","Diurna","Bajo","No trabaja","Alto","Favorable"
894,2.6,7,9,6,3,8,3,2,2,"Masculino","Nocturna","Bajo","Trabaja","Alto","Desfavorable"
895,2.8,12,4,7,2,10,1,6,3,"Masculino","Nocturna","Bajo","Trabaja","Alto","Neutral"
896,3,13,11,7,5,10,1,7,3,"Masculino","Diurna","Bajo","No trabaja","Alto","Neutral"
897,3.8,16,4,8,0,6,5,5,4,"Femenino","Diurna","Medio","No trabaja","Medio","Neutral"
898,3,9,6,2,4,7,4,10,0,"Femenino","Nocturna","Medio","Trabaja","Alto","Neutral"
899,3.8,17,6,10,2,7,2,6,0,"Femenino","Diurna","Medio","Trabaja","Medio","Neutral"
900,3.7,8,3,5,0,3,5,6,1,"Masculino","Diurna","Bajo","No trabaja","Medio","Neutral"
901,3.2,5,7,0,4,3,8,5,2,"Masculino","Diurna","Alto","No trabaja","Medio","Neutral"
902,2.3,3,7,3,1,6,4,8,5,"Masculino","Diurna","Medio","No trabaja","Alto","Favorable"
903,3.6,15,5,9,3,6,2,5,2,"Masculino","Diurna","Medio","No trabaja","Medio","Neutral"
904,3.6,12,11,8,3,7,4,3,0,"Masculino","Nocturna","Bajo","Trabaja","Alto","Desfavorable"
905,3.1,10,7,4,2,4,8,7,3,"Masculino","Diurna","Medio","No trabaja","Alto","Neutral"
906,3.5,10,2,7,0,6,7,4,2,"Masculino","Diurna","Medio","No trabaja","Medio","Desfavorable"
907,3.5,17,8,7,2,10,1,4,4,"Masculino","Diurna","Alto","No trabaja","Medio","Desfavorable"
908,4,16,3,8,1,5,6,10,3,"Masculino","Nocturna","Bajo","No trabaja","Bajo","Favorable"
909,2.9,7,8,6,2,9,4,6,4,"Masculino","Diurna","Bajo","Trabaja","Alto","Neutral"
910,2.8,5,7,5,1,7,2,9,1,"Femenino","Diurna","Medio","Trabaja","Alto","Neutral"
911,3.6,15,4,6,0,7,6,4,3,"Femenino","Diurna","Medio","No trabaja","Medio","Desfavorable"
912,3.2,13,9,8,1,10,4,1,4,"Femenino","Diurna","Bajo","No trabaja","Alto","Desfavorable"
913,3.2,9,6,8,4,7,3,9,4,"Masculino","Diurna","Medio","No trabaja","Medio","Favorable"
914,3.1,13,8,5,3,5,6,7,4,"Masculino","Diurna","Bajo","No trabaja","Alto","Neutral"
915,2.5,3,6,3,3,3,2,10,3,"Femenino","Diurna","Alto","No trabaja","Alto","Favorable"
916,3.3,8,3,7,5,5,3,9,5,"Masculino","Diurna","Medio","No trabaja","Medio","Favorable"
917,2.7,13,8,5,5,8,5,2,4,"Masculino","Diurna","Medio","No trabaja","Alto","Desfavorable"
918,3.3,11,4,2,4,5,2,9,3,"Masculino","Diurna","Medio","No trabaja","Medio","Favorable"
919,2.5,6,10,3,1,9,2,3,2,"Femenino","Nocturna","Medio","No trabaja","Alto","Desfavorable"
920,3.3,15,15,9,5,8,1,5,4,"Femenino","Diurna","Medio","Trabaja","Alto","Neutral"
921,2.8,16,10,5,2,5,6,6,4,"Masculino","Nocturna","Bajo","Trabaja","Alto","Neutral"
922,3.5,7,8,4,2,2,8,6,6,"Femenino","Diurna","Medio","No trabaja","Medio","Neutral"
923,3.1,10,8,7,3,4,7,6,2,"Femenino","Nocturna","Medio","No trabaja","Alto","Neutral"
924,2.7,14,10,7,2,7,4,6,3,"Masculino","Diurna","Bajo","No trabaja","Alto","Neutral"
925,3.6,14,2,8,1,5,7,7,3,"Masculino","Diurna","Medio","No trabaja","Medio","Neutral"
926,3.8,9,3,8,3,4,7,4,4,"Masculino","Diurna","Bajo","No trabaja","Medio","Desfavorable"
927,2.9,7,8,6,2,7,6,10,2,"Femenino","Diurna","Medio","Trabaja","Alto","Favorable"
928,3.5,12,6,7,1,4,5,9,6,"Masculino","Diurna","Alto","No trabaja","Medio","Favorable"
929,2.8,3,3,4,2,8,3,5,3,"Femenino","Diurna","Medio","No trabaja","Alto","Neutral"
930,3.3,7,2,2,1,5,3,4,2,"Masculino","Nocturna","Medio","No trabaja","Medio","Desfavorable"
931,3,14,7,9,2,7,5,9,2,"Masculino","Diurna","Bajo","Trabaja","Alto","Favorable"
932,2.7,4,13,4,3,6,5,10,2,"Femenino","Diurna","Bajo","Trabaja","Alto","Favorable"
933,2.5,6,15,5,2,9,3,3,4,"Masculino","Diurna","Medio","Trabaja","Alto","Desfavorable"
934,3,10,9,6,3,8,1,5,4,"Masculino","Diurna","Bajo","No trabaja","Alto","Neutral"
935,3.4,10,1,3,0,5,5,4,1,"Masculino","Diurna","Medio","No trabaja","Medio","Desfavorable"
936,2.7,4,10,4,3,4,5,5,2,"Femenino","Diurna","Bajo","Trabaja","Alto","Neutral"
937,3.7,13,4,9,4,6,5,8,3,"Masculino","Diurna","Medio","No trabaja","Medio","Favorable"
938,2.7,7,9,3,4,9,1,2,3,"Masculino","Nocturna","Bajo","Trabaja","Alto","Desfavorable"
939,2.5,10,8,2,6,7,4,5,4,"Masculino","Diurna","Bajo","No trabaja","Alto","Neutral"
940,2.3,10,12,9,1,9,4,4,3,"Femenino","Nocturna","Medio","No trabaja","Alto","Desfavorable"
941,3.4,14,8,6,0,5,9,6,2,"Otro","Diurna","Bajo","Trabaja","Medio","Neutral"
942,3,11,4,8,3,5,3,7,3,"Femenino","Diurna","Alto","No trabaja","Alto","Neutral"
943,3.5,10,8,7,0,3,6,7,5,"Femenino","Diurna","Bajo","No trabaja","Medio","Neutral"
944,3.4,18,8,12,4,8,5,2,7,"Femenino","Diurna","Bajo","No trabaja","Medio","Desfavorable"
945,3.4,12,9,6,0,6,5,4,4,"Femenino","Diurna","Bajo","No trabaja","Alto","Desfavorable"
946,3,13,12,6,3,6,4,6,0,"Femenino","Nocturna","Alto","Trabaja","Alto","Neutral"
947,3.4,13,9,10,2,8,4,6,1,"Femenino","Diurna","Bajo","Trabaja","Alto","Neutral"
948,2.7,13,5,11,0,7,2,10,2,"Femenino","Diurna","Medio","Trabaja","Alto","Favorable"
949,3.2,16,9,8,3,7,4,7,0,"Femenino","Nocturna","Bajo","Trabaja","Alto","Neutral"
950,3.6,11,1,6,0,10,2,6,4,"Femenino","Diurna","Medio","No trabaja","Medio","Neutral"
951,3.1,12,11,8,4,7,5,7,2,"Masculino","Diurna","Bajo","Trabaja","Alto","Neutral"
952,3.3,19,9,7,0,9,3,3,3,"Femenino","Nocturna","Medio","No trabaja","Alto","Desfavorable"
953,3.4,9,8,6,2,7,5,3,5,"Masculino","Diurna","Alto","No trabaja","Medio","Desfavorable"
954,3.2,16,6,6,0,10,2,6,1,"Femenino","Diurna","Bajo","No trabaja","Medio","Neutral"
955,4.3,9,0,5,4,6,6,6,4,"Femenino","Diurna","Bajo","No trabaja","Bajo","Neutral"
956,3.9,18,4,10,1,6,4,6,5,"Masculino","Diurna","Alto","No trabaja","Medio","Neutral"
957,2.7,8,9,3,4,6,3,2,3,"Masculino","Diurna","Bajo","No trabaja","Alto","Desfavorable"
958,3.1,8,8,7,1,5,7,5,0,"Femenino","Nocturna","Medio","Trabaja","Alto","Neutral"
959,3.4,15,11,8,2,7,5,9,0,"Femenino","Diurna","Medio","Trabaja","Alto","Neutral"
960,4.2,15,3,10,5,5,7,5,5,"Femenino","Diurna","Bajo","No trabaja","Bajo","Neutral"
961,3.3,13,10,11,1,7,2,6,4,"Masculino","Nocturna","Alto","Trabaja","Alto","Neutral"
962,3.3,12,4,5,5,7,5,6,3,"Femenino","Diurna","Bajo","No trabaja","Medio","Neutral"
963,2.9,12,6,7,4,6,4,10,4,"Masculino","Diurna","Medio","Trabaja","Alto","Favorable"
964,4.5,19,5,12,5,1,10,7,5,"Femenino","Diurna","Bajo","No trabaja","Medio","Neutral"
965,2.6,5,11,4,0,7,6,10,4,"Masculino","Diurna","Medio","No trabaja","Alto","Favorable"
966,3.5,7,7,3,2,6,6,9,4,"Masculino","Diurna","Bajo","No trabaja","Medio","Favorable"
967,3,6,7,2,0,6,3,4,7,"Masculino","Diurna","Alto","No trabaja","Alto","Desfavorable"
968,3.5,15,11,10,4,7,3,6,3,"Femenino","Diurna","Bajo","No trabaja","Alto","Neutral"
969,3.3,10,6,11,4,5,5,8,1,"Masculino","Nocturna","Bajo","No trabaja","Medio","Neutral"
970,3,10,8,3,1,8,4,5,5,"Femenino","Diurna","Bajo","No trabaja","Alto","Neutral"
971,3.9,18,4,9,1,5,5,6,3,"Masculino","Diurna","Medio","No trabaja","Medio","Neutral"
972,3.3,9,10,2,0,6,5,6,0,"Femenino","Nocturna","Bajo","No trabaja","Alto","Neutral"
973,4.2,19,2,9,4,8,5,3,3,"Masculino","Diurna","Bajo","No trabaja","Bajo","Desfavorable"
974,2.4,5,8,3,5,9,3,2,1,"Femenino","Diurna","Bajo","Trabaja","Alto","Desfavorable"
975,3.5,16,10,8,0,6,7,5,1,"Femenino","Nocturna","Medio","No trabaja","Alto","Neutral"
976,2.8,12,10,12,0,7,4,7,7,"Masculino","Diurna","Medio","No trabaja","Alto","Neutral"
977,2.7,9,6,2,4,5,6,9,4,"Masculino","Diurna","Alto","No trabaja","Alto","Favorable"
978,3.3,10,1,6,5,7,3,3,3,"Femenino","Diurna","Bajo","Trabaja","Medio","Desfavorable"
979,2.8,16,12,11,3,10,2,5,0,"Femenino","Nocturna","Medio","No trabaja","Alto","Neutral"
980,3.5,18,4,7,3,8,1,4,4,"Femenino","Diurna","Bajo","No trabaja","Medio","Desfavorable"
981,2.5,4,11,2,2,9,1,4,0,"Femenino","Nocturna","Medio","Trabaja","Alto","Desfavorable"
982,4.1,25,1,11,3,7,5,9,4,"Masculino","Diurna","Bajo","No trabaja","Bajo","Favorable"
983,3.7,21,7,12,1,7,3,10,4,"Masculino","Diurna","Bajo","Trabaja","Medio","Favorable"
984,3.2,9,11,4,6,4,8,5,3,"Masculino","Diurna","Bajo","No trabaja","Alto","Neutral"
985,3.1,11,7,4,1,7,2,7,3,"Masculino","Diurna","Bajo","No trabaja","Alto","Neutral"
986,2.6,8,9,5,0,8,3,2,5,"Masculino","Diurna","Alto","Trabaja","Alto","Desfavorable"
987,3.3,11,9,2,3,6,2,10,2,"Femenino","Diurna","Alto","No trabaja","Alto","Favorable"
988,4.2,14,2,4,0,9,3,6,4,"Femenino","Diurna","Bajo","No trabaja","Bajo","Neutral"
989,3.1,11,6,8,4,8,1,7,4,"Femenino","Diurna","Bajo","No trabaja","Alto","Neutral"
990,3.2,12,7,7,0,8,3,7,5,"Femenino","Diurna","Medio","No trabaja","Medio","Neutral"
991,3.6,17,9,4,2,8,3,3,3,"Femenino","Diurna","Medio","No trabaja","Alto","Desfavorable"
992,3.3,2,4,4,4,4,8,7,4,"Femenino","Diurna","Bajo","No trabaja","Medio","Neutral"
993,3.1,9,10,1,2,7,8,4,0,"Masculino","Nocturna","Medio","Trabaja","Alto","Desfavorable"
994,2.9,12,10,5,0,4,4,6,4,"Femenino","Diurna","Bajo","Trabaja","Alto","Neutral"
995,2.2,8,17,5,0,7,3,7,3,"Masculino","Diurna","Medio","No trabaja","Alto","Neutral"
996,2.8,15,14,4,1,4,6,4,0,"Masculino","Nocturna","Bajo","Trabaja","Alto","Desfavorable"
997,3.2,9,1,8,5,7,3,5,2,"Masculino","Diurna","Alto","Trabaja","Medio","Neutral"
998,2.5,9,9,8,2,8,1,5,0,"Femenino","Nocturna","Bajo","Trabaja","Alto","Neutral"
999,3.9,16,7,6,4,5,7,7,5,"Masculino","Diurna","Bajo","No trabaja","Medio","Neutral"
1000,3,14,8,9,3,6,5,7,3,"Femenino","Diurna","Medio","No trabaja","Alto","Neutral"
